,Country,Region,Total Happiness Score,Total Freedom Rate,2015 Happiness Rank,2015 Happiness Score,2015 Economy,2015 Family,2015 Health,2015 Freedom,2015 Corruption/Trust,2015 Generosity,2015 Dystopia Residual,2016 Happiness Rank,2016 Happiness Score,2016 Economy,2016 Family,2016 Health,2016 Freedom,2016 Corruption/Trust,2016 Generosity,2016 Dystopia Residual,2017 Happiness Rank,2017 Happiness Score,2017 Economy,2017 Family,2017 Health,2017 Freedom,2017 Corruption/Trust,2017 Generosity,2017 Dystopia Residual,2018 Happiness Rank,2018 Happiness Score,2018 Economy,2018 Family,2018 Health,2018 Freedom,2018 Generosity,2018 Dystopia Residual,2019 Happiness Rank,2019 Happiness Score,2019 Economy,2019 Family,2019 Health,2019 Freedom,2019 Generosity,2019 Dystopia Residual
0,Switzerland,Europe,37.55699995803833,3.103210576667786,1.0,7.587000000000001,1.3965100000000001,1.34951,0.9414299999999999,0.66557,0.41978000000000004,0.29678000000000004,2.5173799999999997,2.0,7.5089999999999995,1.5273299999999999,1.14524,0.86303,0.58557,0.41203,0.28083,2.69463,4.0,7.49399995803833,1.5649795532226598,1.51691174507141,0.858131289482117,0.620070576667786,0.36700728535652205,0.29054927825927696,2.2767162322998,5.0,7.487,1.42,1.5490000000000002,0.927,0.66,0.256,0.35700000000000004,6.0,7.48,1.452,1.526,1.052,0.5720000000000001,0.263,0.34299999999999997
1,Iceland,Europe,37.55500018692017,3.090172635326385,2.0,7.561,1.3023200000000001,1.4022299999999999,0.94784,0.6287699999999999,0.14145,0.4363,2.70201,3.0,7.501,1.42666,1.18326,0.8673299999999999,0.56624,0.14975,0.47678000000000004,2.83137,3.0,7.50400018692017,1.480633020401,1.6105740070343,0.8335521221160892,0.6271626353263849,0.15352655947208402,0.47554022073745705,2.32271528244019,4.0,7.495,1.3430000000000002,1.6440000000000001,0.914,0.677,0.353,0.138,4.0,7.494,1.38,1.624,1.026,0.591,0.354,0.11800000000000001
2,Denmark,Europe,37.72999983596802,3.129796722450256,3.0,7.527,1.32548,1.36058,0.87464,0.6493800000000001,0.48357,0.34139,2.4920400000000003,1.0,7.526,1.4417799999999998,1.16374,0.79504,0.5794100000000001,0.44453000000000004,0.36171,2.73939,2.0,7.52199983596802,1.48238301277161,1.55112159252167,0.7925655245780941,0.626006722450256,0.40077006816863997,0.3552804887294771,2.31370735168457,3.0,7.555,1.351,1.59,0.868,0.6829999999999999,0.284,0.408,2.0,7.6,1.383,1.5730000000000002,0.996,0.5920000000000001,0.252,0.41
3,Norway,Europe,37.70500017929077,3.190242587394714,4.0,7.522,1.459,1.33095,0.88521,0.66973,0.36503,0.34699,2.4653099999999997,4.0,7.497999999999999,1.57744,1.1269,0.79579,0.59609,0.35775999999999997,0.37895,2.66465,1.0,7.537000179290769,1.6164631843566901,1.53352355957031,0.796666502952576,0.635422587394714,0.31596383452415505,0.36201223731041,2.27702665328979,2.0,7.593999999999999,1.456,1.5819999999999999,0.861,0.6859999999999999,0.28600000000000003,0.34,3.0,7.553999999999999,1.4880000000000002,1.5819999999999999,1.028,0.603,0.271,0.341
4,Canada,North America,36.75299998474121,3.0547709120941158,5.0,7.4270000000000005,1.32629,1.32261,0.9056299999999999,0.63297,0.32957,0.45811,2.4517599999999997,6.0,7.404,1.44015,1.0961,0.8276,0.5737,0.31329,0.44833999999999996,2.70485,7.0,7.31599998474121,1.47920441627502,1.48134899139404,0.83455765247345,0.611100912094116,0.287371516227722,0.435539722442627,2.18726444244385,7.0,7.327999999999999,1.33,1.5319999999999998,0.8959999999999999,0.653,0.321,0.29100000000000004,9.0,7.278,1.365,1.505,1.0390000000000001,0.584,0.285,0.308
5,Finland,Europe,37.688999862670904,3.107680856685638,6.0,7.406000000000001,1.29025,1.31826,0.8891100000000001,0.64169,0.41372,0.23351,2.61955,5.0,7.412999999999999,1.40598,1.1346399999999999,0.81091,0.57104,0.41003999999999996,0.25492,2.82596,5.0,7.468999862670901,1.44357192516327,1.5402467250824,0.80915766954422,0.6179508566856379,0.38261154294014,0.24548277258873,2.4301815032958998,1.0,7.632000000000001,1.305,1.5919999999999999,0.8740000000000001,0.6809999999999999,0.20199999999999999,0.39299999999999996,1.0,7.769,1.34,1.587,0.986,0.596,0.153,0.39299999999999996
6,Netherlands,Europe,37.0229998550415,2.948254488105774,7.0,7.377999999999999,1.32944,1.28017,0.89284,0.6157600000000001,0.31814000000000003,0.4761,2.4657,7.0,7.3389999999999995,1.46468,1.02912,0.8123100000000001,0.55211,0.29927,0.47416,2.70749,6.0,7.3769998550415,1.50394463539124,1.42893922328949,0.8106961250305179,0.5853844881057739,0.282661825418472,0.47048982977867104,2.29480409622192,6.0,7.441,1.361,1.4880000000000002,0.878,0.638,0.33299999999999996,0.295,5.0,7.4879999999999995,1.396,1.5219999999999998,0.9990000000000001,0.557,0.322,0.298
7,Sweden,Europe,36.59599991989136,3.0879040989685063,8.0,7.364,1.33171,1.2890700000000002,0.9108700000000001,0.6598,0.43843999999999994,0.36262,2.3711900000000004,10.0,7.291,1.45181,1.08764,0.83121,0.58218,0.40867,0.38254,2.54734,9.0,7.28399991989136,1.49438726902008,1.47816216945648,0.830875158309937,0.612924098968506,0.384398728609085,0.38539925217628496,2.09753799438477,9.0,7.314,1.355,1.501,0.9129999999999999,0.659,0.285,0.38299999999999995,7.0,7.343,1.3869999999999998,1.4869999999999999,1.0090000000000001,0.574,0.267,0.373
8,New Zealand,Australia and New Zealand,36.56500012969971,3.088912130451202,9.0,7.2860000000000005,1.2501799999999998,1.3196700000000001,0.9083700000000001,0.6393800000000001,0.42922,0.47501000000000004,2.26425,8.0,7.334,1.36066,1.17278,0.83096,0.5814699999999999,0.41903999999999997,0.49401000000000006,2.47553,8.0,7.31400012969971,1.40570604801178,1.54819512367249,0.816759705543518,0.6140621304512021,0.38281670212745705,0.500005125999451,2.0464563369751,8.0,7.324,1.268,1.601,0.8759999999999999,0.669,0.365,0.389,8.0,7.307,1.3030000000000002,1.557,1.026,0.585,0.33,0.38
9,Australia,Australia and New Zealand,36.38099991989136,3.0252173822975155,10.0,7.284,1.33358,1.30923,0.93156,0.6512399999999999,0.35636999999999996,0.43562,2.26646,9.0,7.313,1.4444299999999999,1.10476,0.8512,0.5683699999999999,0.32331,0.47407,2.5465,10.0,7.28399991989136,1.4844149351120002,1.5100419521331798,0.84388679265976,0.601607382297516,0.301183730363846,0.47769924998283403,2.06521081924438,10.0,7.272,1.34,1.5730000000000002,0.91,0.647,0.361,0.302,11.0,7.228,1.3719999999999999,1.548,1.036,0.557,0.332,0.29
10,Israel,Middle East and Northern Africa,35.71099982070923,2.087498603830338,11.0,7.278,1.2285700000000002,1.22393,0.9138700000000001,0.41318999999999995,0.07785,0.33171999999999996,3.08854,11.0,7.267,1.33766,0.9953700000000001,0.8491700000000001,0.36432,0.08728,0.32288,3.31029,11.0,7.212999820709231,1.3753824234008798,1.37628996372223,0.83840399980545,0.40598860383033797,0.0852421000599861,0.330082654953003,2.80175733566284,19.0,6.814,1.301,1.5590000000000002,0.883,0.5329999999999999,0.354,0.272,13.0,7.138999999999999,1.276,1.455,1.0290000000000001,0.371,0.261,0.08199999999999999
11,Costa Rica,South America,35.6309999961853,2.956141649971008,12.0,7.226,0.95578,1.2378799999999999,0.8602700000000001,0.63376,0.10583,0.25497,3.17728,14.0,7.087000000000001,1.06879,1.02152,0.76146,0.55225,0.10547000000000001,0.22553,3.3516800000000004,12.0,7.0789999961853,1.10970628261566,1.4164036512374898,0.7595092654228209,0.580131649971008,0.100106589496136,0.21461322903633104,2.89863920211792,13.0,7.072,1.01,1.459,0.8170000000000001,0.632,0.14300000000000002,0.10099999999999999,12.0,7.167000000000001,1.034,1.4409999999999998,0.963,0.5579999999999999,0.14400000000000002,0.09300000000000001
12,Austria,Europe,35.71000004196167,2.884646189575195,13.0,7.2,1.33723,1.29704,0.8904200000000001,0.62433,0.18675999999999998,0.33088,2.5332,12.0,7.119,1.45038,1.0838299999999998,0.80565,0.54355,0.21348000000000003,0.32865,2.6934299999999998,13.0,7.00600004196167,1.4870972633361799,1.4599449634552,0.8153284192085269,0.567766189575195,0.22106036543846105,0.316472321748734,2.1385064125061004,12.0,7.138999999999999,1.341,1.504,0.8909999999999999,0.617,0.242,0.22399999999999998,10.0,7.246,1.376,1.475,1.016,0.532,0.244,0.226
13,Mexico,South America,33.62600006866455,2.183630008363724,14.0,7.187,1.02054,0.91451,0.8144399999999999,0.48181,0.21311999999999998,0.14074,3.6021400000000003,21.0,6.778,1.1150799999999998,0.7146,0.71143,0.37709000000000004,0.18355,0.11735,3.5590599999999997,25.0,6.57800006866455,1.1531838178634601,1.2108621597290001,0.709978997707367,0.412730008363724,0.132774114608765,0.12099043279886199,2.8371548652648904,24.0,6.4879999999999995,1.038,1.252,0.7609999999999999,0.479,0.069,0.095,23.0,6.595,1.07,1.3230000000000002,0.861,0.433,0.07400000000000001,0.073
14,United States,North America,34.99400003051758,2.534410523338318,15.0,7.119,1.3945100000000001,1.24711,0.86179,0.54604,0.1589,0.40105,2.51011,13.0,7.104,1.50796,1.04782,0.779,0.48163,0.14868,0.41076999999999997,2.72782,14.0,6.993000030517581,1.54625928401947,1.4199205636978103,0.7742866277694699,0.505740523338318,0.135638788342476,0.392578780651093,2.2181134223937997,18.0,6.886,1.3980000000000001,1.4709999999999999,0.8190000000000001,0.547,0.29100000000000004,0.133,19.0,6.892,1.433,1.4569999999999999,0.8740000000000001,0.45399999999999996,0.28,0.128
15,Brazil,South America,33.28900022888184,2.215193746795654,16.0,6.983,0.98124,1.2328700000000001,0.69702,0.49049,0.17521,0.14574,3.26001,17.0,6.952000000000001,1.08754,1.03938,0.61415,0.40425,0.14165999999999998,0.15775999999999998,3.5073300000000005,22.0,6.6350002288818395,1.1073532104492199,1.43130600452423,0.6165523529052729,0.437453746795654,0.11109276115894301,0.16234989464282998,2.7692670822143595,28.0,6.419,0.986,1.474,0.675,0.493,0.11,0.08800000000000001,32.0,6.3,1.004,1.439,0.802,0.39,0.099,0.086
16,Luxembourg,Europe,34.67999991607666,2.9191578910636897,17.0,6.946000000000001,1.5639100000000001,1.21963,0.91894,0.61583,0.37798000000000004,0.28034000000000003,1.9696099999999999,20.0,6.871,1.6975200000000001,1.03999,0.8454200000000001,0.5487,0.35329,0.27571,2.11055,18.0,6.86299991607666,1.74194359779358,1.45758366584778,0.845089495182037,0.59662789106369,0.31883442401886,0.283180981874466,1.61951208114624,17.0,6.91,1.5759999999999998,1.52,0.8959999999999999,0.632,0.196,0.321,14.0,7.09,1.609,1.479,1.012,0.526,0.19399999999999998,0.316
17,Ireland,Europe,34.82200023651123,2.860960342025757,18.0,6.94,1.33596,1.36948,0.89533,0.6177699999999999,0.28703,0.45901000000000003,1.9757,19.0,6.907,1.4834100000000001,1.16157,0.81455,0.54008,0.29754,0.44963000000000003,2.15988,15.0,6.9770002365112305,1.5357066392898602,1.5582311153411899,0.8097826242446899,0.5731103420257571,0.29838815331459007,0.42785832285881,1.77386903762817,14.0,6.977,1.4480000000000002,1.5830000000000002,0.8759999999999999,0.614,0.307,0.306,16.0,7.021,1.499,1.5530000000000002,0.9990000000000001,0.516,0.298,0.31
18,Belgium,Europe,34.60699979400635,2.6938107223892214,19.0,6.937,1.30782,1.28566,0.8966700000000001,0.5845,0.2254,0.2225,2.4148400000000003,18.0,6.928999999999999,1.42539,1.05249,0.8195899999999999,0.51354,0.26248,0.2424,2.61355,17.0,6.89099979400635,1.4637807607650801,1.4623126983642598,0.8180918693542479,0.5397707223892211,0.251343131065369,0.23150333762168898,2.12421035766602,16.0,6.9270000000000005,1.324,1.483,0.894,0.583,0.188,0.24,18.0,6.922999999999999,1.3559999999999999,1.504,0.986,0.473,0.16,0.21
19,United Arab Emirates,Middle East and Northern Africa,33.72099976348877,2.6940652701568597,20.0,6.901,1.42727,1.12575,0.80925,0.64157,0.38583,0.26428,2.24743,28.0,6.5729999999999995,1.57352,0.8711399999999999,0.72993,0.56215,0.35561,0.26591,2.21507,21.0,6.6479997634887695,1.6263433694839498,1.2664102315902699,0.726798236370087,0.60834527015686,0.324489563703537,0.3609419465065,1.734703540802,20.0,6.774,2.096,0.7759999999999999,0.67,0.284,0.18600000000000003,0.0,21.0,6.825,1.5030000000000001,1.31,0.825,0.598,0.262,0.182
20,United Kingdom,Europe,34.550000225067144,2.518800035820007,21.0,6.867000000000001,1.26637,1.28548,0.90943,0.59625,0.32066999999999996,0.51912,1.9699400000000002,23.0,6.725,1.40283,1.0867200000000001,0.80991,0.50036,0.27399,0.50156,2.1499900000000003,19.0,6.71400022506714,1.44163393974304,1.4964600801467902,0.805335938930511,0.508190035820007,0.265428066253662,0.492774158716202,1.7041435241699199,11.0,7.19,1.244,1.433,0.888,0.46399999999999997,0.262,0.08199999999999999,15.0,7.053999999999999,1.3330000000000002,1.538,0.996,0.45,0.348,0.278
21,Oman,Middle East and Northern Africa,6.853,0.63274,22.0,6.853,1.36011,1.08182,0.76276,0.63274,0.32524000000000003,0.21541999999999997,2.4748900000000003,0.0,0.0,0.0,0.0,0.0,0.0,0.0,0.0,0.0,0.0,0.0,0.0,0.0,0.0,0.0,0.0,0.0,0.0,0.0,0.0,0.0,0.0,0.0,0.0,0.0,0.0,0.0,0.0,0.0,0.0,0.0,0.0,0.0,0.0
22,Venezuela,South America,27.657,1.068547123241425,23.0,6.81,1.04424,1.25596,0.7205199999999999,0.42908,0.11069000000000001,0.058410000000000004,3.1913099999999996,44.0,6.084,1.1336700000000002,1.03302,0.6190399999999999,0.19847,0.08304,0.0425,2.9746799999999998,82.0,5.25,1.12843120098114,1.43133759498596,0.617144227027893,0.15399712324142498,0.0644911229610443,0.0650196298956871,1.78946375846863,102.0,4.806,0.996,1.469,0.657,0.133,0.055999999999999994,0.052000000000000005,108.0,4.707,0.96,1.4269999999999998,0.805,0.154,0.064,0.047
23,Singapore,Asia,32.71400002670288,2.767060569496155,24.0,6.797999999999999,1.52186,1.02,1.02525,0.54252,0.4921,0.31105,1.8850099999999999,22.0,6.739,1.64555,0.8675799999999999,0.94719,0.4877,0.46986999999999995,0.32706,1.99375,26.0,6.57200002670288,1.69227766990662,1.35381436347961,0.9494923949241642,0.549840569496155,0.46430778503417997,0.345965981483459,1.2163619995117199,34.0,6.343,1.5290000000000001,1.4509999999999998,1.008,0.631,0.261,0.457,34.0,6.2620000000000005,1.5719999999999998,1.463,1.141,0.556,0.271,0.45299999999999996
24,Panama,South America,32.6900001411438,2.6943968340110778,25.0,6.7860000000000005,1.0635299999999999,1.1985,0.79661,0.5421,0.0927,0.24434,2.84848,25.0,6.7010000000000005,1.18306,0.9891200000000001,0.70835,0.48927,0.08423,0.2418,3.00559,30.0,6.4520001411438,1.23374843597412,1.3731925487518302,0.706156134605408,0.550026834011078,0.070983923971653,0.21055693924427,2.30719995498657,27.0,6.43,1.112,1.4380000000000002,0.759,0.597,0.125,0.063,31.0,6.321000000000001,1.149,1.442,0.91,0.516,0.109,0.054000000000000006
25,Germany,Europe,34.64500021362305,2.792941384487152,26.0,6.75,1.32792,1.2993700000000001,0.89186,0.6147699999999999,0.21843,0.28214,2.1156900000000003,16.0,6.994,1.44787,1.09774,0.81487,0.53466,0.28551,0.30451999999999996,2.5093099999999997,16.0,6.9510002136230495,1.48792338371277,1.47252035140991,0.798950731754303,0.562511384487152,0.276731938123703,0.33626917004585305,2.01576995849609,15.0,6.965,1.34,1.474,0.861,0.586,0.273,0.28,17.0,6.985,1.3730000000000002,1.454,0.987,0.495,0.261,0.265
26,Chile,South America,32.94699995040894,1.984105278692245,27.0,6.67,1.10715,1.12447,0.85857,0.44132,0.12869,0.33363000000000004,2.67585,24.0,6.705,1.2167,0.9058700000000001,0.8188300000000001,0.37789,0.11450999999999999,0.31595,2.95505,20.0,6.65199995040894,1.25278460979462,1.28402495384216,0.8194797039031979,0.376895278692245,0.0822879821062088,0.3266624212265011,2.5095858573913596,25.0,6.476,1.131,1.331,0.8079999999999999,0.431,0.19699999999999998,0.061,26.0,6.444,1.159,1.369,0.92,0.35700000000000004,0.187,0.055999999999999994
27,Qatar,Middle East and Northern Africa,32.109,3.020320983352661,28.0,6.611000000000001,1.69042,1.0786,0.79733,0.6404,0.52208,0.32573,1.55674,36.0,6.375,1.82427,0.87964,0.71723,0.56679,0.48049,0.32388,1.5822399999999999,35.0,6.375,1.8707656860351598,1.27429687976837,0.7100980877876278,0.604130983352661,0.43929925560951205,0.33047387003898604,1.1454644203186002,32.0,6.374,1.649,1.3030000000000002,0.748,0.654,0.256,0.171,29.0,6.374,1.6840000000000002,1.3130000000000002,0.871,0.555,0.22,0.16699999999999998
28,France,Europe,32.57599991226196,2.441952115516663,29.0,6.575,1.27778,1.2603799999999998,0.9457899999999999,0.55011,0.20646,0.12332,2.21126,32.0,6.478,1.39488,1.00508,0.83795,0.46562,0.17808,0.1216,2.4744,31.0,6.44199991226196,1.43092346191406,1.38777685165405,0.8444658517837521,0.470222115516663,0.172502428293228,0.129762306809425,2.00595474243164,23.0,6.489,1.2930000000000001,1.466,0.9079999999999999,0.52,0.098,0.17600000000000002,24.0,6.5920000000000005,1.324,1.472,1.045,0.436,0.111,0.183
29,Argentina,South America,32.29699997711182,2.408099203901291,30.0,6.574,1.05351,1.24823,0.78723,0.44974,0.08484,0.11450999999999999,2.8360000000000003,26.0,6.65,1.15137,1.0661200000000002,0.69711,0.42283999999999994,0.07296,0.10989000000000002,3.12985,24.0,6.59899997711182,1.18529546260834,1.44045114517212,0.695137083530426,0.49451920390129106,0.05973988771438599,0.109457060694695,2.61400532722473,29.0,6.388,1.073,1.4680000000000002,0.7440000000000001,0.57,0.062,0.054000000000000006,47.0,6.086,1.092,1.432,0.8809999999999999,0.47100000000000003,0.066,0.05
30,Czech Republic,Europe,33.273000205993654,2.368766173667908,31.0,6.505,1.17898,1.20643,0.84483,0.46363999999999994,0.02652,0.10686,2.67782,27.0,6.596,1.30915,1.00793,0.76376,0.41418,0.03986,0.09929,2.96211,23.0,6.60900020599365,1.35268235206604,1.4338852167129499,0.754444003105164,0.49094617366790794,0.0368729270994663,0.0881067588925362,2.45186185836792,21.0,6.711,1.2329999999999999,1.489,0.8540000000000001,0.5429999999999999,0.064,0.034,20.0,6.852,1.2690000000000001,1.4869999999999999,0.92,0.457,0.046,0.036000000000000004
31,Uruguay,South America,32.1559999961853,2.87489225435257,32.0,6.485,1.06166,1.2089,0.8116,0.6036199999999999,0.24558000000000002,0.2324,2.3214200000000003,29.0,6.545,1.18157,1.0314299999999998,0.72183,0.54388,0.21394000000000002,0.18056,2.67139,28.0,6.4539999961853,1.2175596952438401,1.4122278690338101,0.719216823577881,0.5793922543525699,0.17806187272071802,0.175096929073334,2.17240953445435,31.0,6.379,1.093,1.459,0.7709999999999999,0.625,0.13,0.155,33.0,6.292999999999999,1.124,1.465,0.8909999999999999,0.523,0.127,0.15
32,Colombia,South America,31.699999874114987,2.4604974150753023,33.0,6.477,0.91861,1.2401799999999998,0.69077,0.53466,0.0512,0.18400999999999998,2.85737,31.0,6.481,1.0303200000000001,1.02169,0.59659,0.44735,0.053989999999999996,0.15625999999999998,3.1747099999999997,36.0,6.35699987411499,1.07062232494354,1.4021829366683998,0.595027923583984,0.47748741507530196,0.0466687418520451,0.14901447296142598,2.6160681247711204,37.0,6.26,0.96,1.439,0.635,0.531,0.099,0.039,43.0,6.125,0.985,1.41,0.841,0.47,0.099,0.034
33,Thailand,Asia,31.43299978637695,2.8263707317543028,34.0,6.455,0.9669,1.26504,0.7385,0.5566399999999999,0.031869999999999996,0.5763,2.31945,33.0,6.474,1.0893,1.04477,0.64915,0.49553,0.02833,0.58696,2.5796,32.0,6.4239997863769505,1.12786877155304,1.4257924556732198,0.647239029407501,0.580200731754303,0.0316127352416515,0.572123110294342,2.03950834274292,46.0,6.072,1.016,1.4169999999999998,0.7070000000000001,0.637,0.364,0.028999999999999998,52.0,6.007999999999999,1.05,1.409,0.828,0.557,0.359,0.027999999999999997
34,Saudi Arabia,Middle East and Northern Africa,31.8799998626709,2.087270572443008,35.0,6.4110000000000005,1.39541,1.0839299999999998,0.72025,0.31048000000000003,0.32524000000000003,0.13706,2.43872,34.0,6.379,1.48953,0.84829,0.59267,0.37904,0.30008,0.15457,2.61482,37.0,6.343999862670901,1.53062355518341,1.28667759895325,0.590148329734802,0.449750572443008,0.27343225479126004,0.147616013884544,2.0654296875,33.0,6.371,1.379,1.331,0.633,0.509,0.098,0.127,28.0,6.375,1.403,1.357,0.795,0.439,0.08,0.132
35,Spain,Europe,31.75699987792969,2.054741230449677,36.0,6.329,1.23011,1.31379,0.95562,0.45951000000000003,0.06398,0.18227000000000002,2.12367,37.0,6.361000000000001,1.34253,1.12945,0.8789600000000001,0.37545,0.06137000000000001,0.17665,2.39663,34.0,6.40299987792969,1.38439786434174,1.53209090232849,0.888960599899292,0.408781230449677,0.0709140971302986,0.190133571624756,1.92775774002075,36.0,6.31,1.251,1.538,0.965,0.449,0.142,0.07400000000000001,30.0,6.354,1.286,1.484,1.062,0.36200000000000004,0.153,0.079
36,Malta,Europe,32.669999950408936,2.951357051696777,37.0,6.3020000000000005,1.2074,1.30203,0.88721,0.60365,0.13585999999999998,0.51752,1.6488,30.0,6.4879999999999995,1.30782,1.09879,0.80315,0.54994,0.17554,0.56237,1.99032,27.0,6.52699995040894,1.34327983856201,1.48841166496277,0.821944236755371,0.588767051696777,0.153066068887711,0.5747305750846861,1.55686283111572,22.0,6.627000000000001,1.27,1.525,0.884,0.645,0.376,0.142,22.0,6.726,1.3,1.52,0.9990000000000001,0.564,0.375,0.151
37,Taiwan,Asia,25.564,1.49017,38.0,6.297999999999999,1.29098,1.07617,0.8753,0.3974,0.08129,0.25376,2.32323,34.0,6.379,1.39729,0.92624,0.79565,0.32377,0.0663,0.25495,2.61523,0.0,0.0,0.0,0.0,0.0,0.0,0.0,0.0,0.0,26.0,6.441,1.365,1.436,0.857,0.418,0.151,0.078,25.0,6.446000000000001,1.368,1.43,0.914,0.35100000000000003,0.242,0.09699999999999999
38,Kuwait,Middle East and Northern Africa,30.743000019073488,2.529987592601776,39.0,6.295,1.5542200000000002,1.16594,0.72492,0.55499,0.25609,0.16228,1.8763400000000001,41.0,6.239,1.61714,0.8775799999999999,0.63569,0.43166000000000004,0.23669,0.15965,2.28085,39.0,6.10500001907349,1.63295245170593,1.25969874858856,0.6321057081222529,0.49633759260177596,0.21515955030918102,0.228289797902107,1.64042520523071,45.0,6.082999999999999,1.474,1.301,0.675,0.5539999999999999,0.16699999999999998,0.106,51.0,6.021,1.5,1.319,0.8079999999999999,0.493,0.142,0.09699999999999999
39,Suriname,South America,12.538,1.1189099999999998,40.0,6.269,0.99534,0.972,0.6082,0.5965699999999999,0.13633,0.16990999999999998,2.79094,40.0,6.269,1.09686,0.77866,0.5093300000000001,0.5223399999999999,0.12692,0.16665,3.06852,0.0,0.0,0.0,0.0,0.0,0.0,0.0,0.0,0.0,0.0,0.0,0.0,0.0,0.0,0.0,0.0,0.0,0.0,0.0,0.0,0.0,0.0,0.0,0.0,0.0
40,Trinidad and Tobago,South America,18.50400022125244,1.5620007430267329,41.0,6.167999999999999,1.21183,1.18354,0.61483,0.55884,0.0114,0.31844,2.2688200000000003,43.0,6.167999999999999,1.32572,0.98569,0.52608,0.48453,0.01241,0.31935,2.5139400000000003,38.0,6.1680002212524405,1.36135590076447,1.3802285194397,0.5199832916259771,0.518630743026733,0.00896481610834599,0.32529646158218395,2.0532474517822297,0.0,0.0,0.0,0.0,0.0,0.0,0.0,0.0,0.0,0.0,0.0,0.0,0.0,0.0,0.0,0.0
41,El Salvador,South America,30.62099978256226,2.099642529668808,42.0,6.13,0.76454,1.0250700000000001,0.67737,0.4035,0.11775999999999999,0.10692,3.035,46.0,6.068,0.8737,0.80975,0.596,0.37269,0.10613,0.08877,3.22134,45.0,6.002999782562259,0.9097844958305359,1.1821250915527302,0.596018552780151,0.432452529668808,0.0899809598922729,0.0782579854130745,2.7145938873291002,40.0,6.167000000000001,0.8059999999999999,1.2309999999999999,0.639,0.461,0.065,0.08199999999999999,35.0,6.252999999999999,0.794,1.242,0.789,0.43,0.09300000000000001,0.07400000000000001
42,Guatemala,South America,31.7189999961853,2.751430617923737,43.0,6.122999999999999,0.74553,1.04356,0.64425,0.57733,0.09472,0.27489,2.74255,39.0,6.324,0.83454,0.8711899999999999,0.5403899999999999,0.50379,0.08701,0.28808,3.19863,29.0,6.4539999961853,0.872001945972443,1.25558519363403,0.540239989757538,0.5313106179237371,0.0772232785820961,0.283488392829895,2.89389109611511,30.0,6.382000000000001,0.7809999999999999,1.268,0.608,0.604,0.179,0.071,27.0,6.436,0.8,1.2690000000000001,0.746,0.535,0.175,0.078
43,Uzbekistan,Europe,30.23100019454956,3.2799386629486085,44.0,6.002999999999999,0.63244,1.34043,0.59772,0.6582100000000001,0.30826,0.22837,2.2374099999999997,49.0,5.987,0.7359100000000001,1.1681,0.50163,0.60848,0.28333,0.34326,2.34638,47.0,5.97100019454956,0.786441087722778,1.5489691495895401,0.498272627592087,0.6582486629486078,0.246528223156929,0.41598364710807795,1.8169136047363301,44.0,6.096,0.7190000000000001,1.584,0.605,0.7240000000000001,0.32799999999999996,0.259,41.0,6.1739999999999995,0.745,1.5290000000000001,0.7559999999999999,0.631,0.322,0.24
44,Slovakia,Europe,30.54200004959106,1.535237464590073,45.0,5.995,1.1689100000000001,1.26999,0.7890199999999999,0.31751,0.03431,0.16893,2.2463900000000003,45.0,6.077999999999999,1.27973,1.0826799999999999,0.70367,0.23390999999999998,0.02947,0.13837,2.61065,40.0,6.09800004959106,1.32539355754852,1.5050592422485398,0.712732911109924,0.295817464590073,0.0242108516395092,0.136544480919838,2.09777665138245,39.0,6.172999999999999,1.21,1.537,0.7759999999999999,0.354,0.11800000000000001,0.013999999999999999,38.0,6.1979999999999995,1.246,1.504,0.8809999999999999,0.33399999999999996,0.121,0.013999999999999999
45,Japan,Asia,29.62900007629395,2.4673855459785456,46.0,5.987,1.27074,1.25712,0.99111,0.49615,0.1806,0.10705,1.68435,53.0,5.921,1.3800700000000001,1.06054,0.91491,0.46761,0.18985,0.10224,1.8058400000000001,51.0,5.92000007629395,1.41691517829895,1.43633782863617,0.9134758710861209,0.505625545978546,0.163760736584663,0.12057276815175999,1.36322355270386,54.0,5.915,1.294,1.462,0.988,0.5529999999999999,0.079,0.15,58.0,5.886,1.327,1.419,1.088,0.445,0.069,0.14
46,South Korea,Asia,29.42699982070923,1.2446816659069062,47.0,5.984,1.24461,0.9577399999999999,0.9653799999999999,0.33208000000000004,0.07857,0.18557,2.21978,57.0,5.835,1.35948,0.7219399999999999,0.88645,0.25168,0.07716,0.18824000000000002,2.35015,55.0,5.837999820709231,1.40167844295502,1.1282744407653797,0.900214076042175,0.257921665906906,0.0632826685905457,0.206674367189407,1.8803780078887902,57.0,5.875,1.266,1.204,0.955,0.244,0.175,0.051,54.0,5.895,1.301,1.219,1.036,0.159,0.175,0.055999999999999994
47,Ecuador,South America,29.95999989700317,2.3976381985569,48.0,5.975,0.8640200000000001,0.99903,0.79075,0.48573999999999995,0.1809,0.11540999999999998,2.5394200000000002,51.0,5.976,0.97306,0.85974,0.68613,0.4027,0.18037,0.10074,2.77366,44.0,6.00799989700317,1.00082039833069,1.2861688137054401,0.685636222362518,0.4551981985569,0.140134647488594,0.15011246502399403,2.29035258293152,48.0,5.973,0.889,1.33,0.736,0.556,0.114,0.12,50.0,6.028,0.912,1.3119999999999998,0.868,0.498,0.126,0.087
48,Bahrain,Middle East and Northern Africa,30.568999893188483,2.595416919155121,49.0,5.96,1.32376,1.21624,0.74716,0.45492,0.306,0.17362,1.73797,42.0,6.218,1.44024,0.9439700000000001,0.65696,0.47375,0.25772,0.17147,2.27405,41.0,6.08699989318848,1.4884122610092199,1.3231104612350502,0.653133034706116,0.536746919155121,0.257042169570923,0.17266848683357197,1.65614938735962,43.0,6.105,1.338,1.3659999999999999,0.698,0.594,0.243,0.12300000000000001,37.0,6.199,1.3619999999999999,1.368,0.871,0.536,0.255,0.11
49,Italy,Europe,30.11200022506714,1.219080712680817,50.0,5.9479999999999995,1.25114,1.19777,0.9544600000000001,0.26236,0.02901,0.22823000000000002,2.0251799999999998,50.0,5.977,1.35495,1.04167,0.8510200000000001,0.18827,0.02556,0.16684000000000002,2.34918,48.0,5.96400022506714,1.3950666189193701,1.44492328166962,0.8531443476676941,0.256450712680817,0.0280280914157629,0.17278964817523998,1.81331205368042,47.0,6.0,1.264,1.501,0.946,0.281,0.13699999999999998,0.027999999999999997,36.0,6.223,1.294,1.4880000000000002,1.0390000000000001,0.231,0.158,0.03
50,Bolivia,South America,29.06599995422363,2.759482926845551,51.0,5.89,0.68133,0.97841,0.5392,0.57414,0.08800000000000001,0.20536,2.82334,59.0,5.822,0.79422,0.8377899999999999,0.4697,0.50961,0.07746,0.21698,2.91635,58.0,5.82299995422363,0.833756566047668,1.2276190519332901,0.47363024950027505,0.5587329268455511,0.0604777261614799,0.22556072473526,2.4432790279388397,62.0,5.752000000000001,0.7509999999999999,1.2229999999999999,0.508,0.606,0.141,0.054000000000000006,61.0,5.779,0.7759999999999999,1.209,0.706,0.511,0.13699999999999998,0.064
51,Moldova,Europe,28.79299982070923,1.297929048848152,52.0,5.888999999999999,0.59448,1.01528,0.61826,0.32818,0.01615,0.20951,3.10712,55.0,5.897,0.69177,0.8313200000000001,0.5230899999999999,0.25201999999999997,0.019030000000000002,0.19997,3.38007,56.0,5.837999820709231,0.7288706302642819,1.25182557106018,0.5894652009010309,0.24072904884815197,0.0100912861526012,0.20877912640571603,2.80780839920044,67.0,5.64,0.657,1.301,0.62,0.23199999999999998,0.171,0.0,71.0,5.529,0.685,1.328,0.7390000000000001,0.245,0.18100000000000002,0.0
52,Paraguay,South America,28.333000030517578,2.529847791757584,53.0,5.877999999999999,0.75985,1.30477,0.66098,0.53899,0.08242000000000001,0.3424,2.18896,70.0,5.537999999999999,0.8937299999999999,1.11111,0.58295,0.46235,0.07396,0.25296,2.16091,70.0,5.493000030517581,0.932537317276001,1.50728487968445,0.579250693321228,0.473507791757584,0.091065913438797,0.224150657653809,1.6853334903716999,64.0,5.681,0.835,1.5219999999999998,0.615,0.541,0.162,0.07400000000000001,63.0,5.742999999999999,0.855,1.475,0.777,0.514,0.184,0.08
53,Kazakhstan,Europe,29.19199976730347,2.223144283237457,54.0,5.855,1.1225399999999999,1.1224100000000001,0.64368,0.51649,0.08454,0.11827,2.24729,54.0,5.919,1.22943,0.95544,0.57386,0.4052,0.11132,0.15011,2.49325,60.0,5.8189997673034695,1.2845562696456898,1.3843690156936599,0.6060415506362921,0.43745428323745705,0.11928288638591802,0.20196442306041698,1.7848925590515101,60.0,5.79,1.143,1.516,0.631,0.45399999999999996,0.14800000000000002,0.121,60.0,5.809,1.173,1.508,0.7290000000000001,0.41,0.146,0.096
54,Slovenia,Europe,29.43999989700317,2.9097658075714112,55.0,5.848,1.18498,1.27385,0.8733700000000001,0.60855,0.03787,0.25328,1.6158299999999999,63.0,5.768,1.2994700000000001,1.05613,0.79151,0.53164,0.03635,0.25738,1.79522,62.0,5.75799989700317,1.3412059545516999,1.4525188207626298,0.7908282279968258,0.572575807571411,0.0451289787888527,0.242649093270302,1.31331729888916,51.0,5.9479999999999995,1.219,1.506,0.856,0.633,0.16,0.051,44.0,6.117999999999999,1.258,1.5230000000000001,0.953,0.564,0.14400000000000002,0.057
55,Lithuania,Europe,29.648999950408943,1.277941784939766,56.0,5.832999999999999,1.14723,1.25745,0.73128,0.21341999999999997,0.01031,0.026410000000000003,2.4464900000000003,60.0,5.813,1.2692,1.0641100000000001,0.64674,0.18929,0.0182,0.02025,2.60525,52.0,5.90199995040894,1.3145823478698702,1.47351610660553,0.62894994020462,0.234231784939766,0.0118656428530812,0.010164656676352,2.22844052314758,50.0,5.952000000000001,1.197,1.527,0.716,0.35,0.026000000000000002,0.006,42.0,6.149,1.238,1.515,0.818,0.29100000000000004,0.043,0.042
56,Nicaragua,South America,30.137000099182128,2.430121846504211,57.0,5.827999999999999,0.59325,1.14184,0.7431399999999999,0.55475,0.19317,0.27815,2.32407,48.0,5.992000000000001,0.69384,0.8952100000000001,0.65213,0.46581999999999996,0.16292,0.29773,2.82428,43.0,6.07100009918213,0.737299203872681,1.28721570968628,0.6530959606170649,0.447551846504211,0.130687981843948,0.301674216985703,2.51393055915833,41.0,6.141,0.6679999999999999,1.319,0.7,0.527,0.20800000000000002,0.128,45.0,6.105,0.6940000000000001,1.325,0.835,0.435,0.2,0.127
57,Peru,South America,28.64200015258789,2.224982878904343,58.0,5.824,0.9001899999999999,0.97459,0.73017,0.41496000000000005,0.05989,0.14982,2.5945,64.0,5.742999999999999,0.9960200000000001,0.81255,0.6299399999999999,0.37501999999999996,0.05292,0.14527,2.73117,63.0,5.71500015258789,1.0352252721786501,1.21877038478851,0.6301661133766171,0.45000287890434293,0.0470490865409374,0.126819714903831,2.2072694301605202,65.0,5.662999999999999,0.934,1.249,0.674,0.53,0.092,0.034,65.0,5.697,0.96,1.274,0.8540000000000001,0.455,0.083,0.027000000000000003
58,Belarus,Europe,27.98999976730347,1.5076902618789672,59.0,5.813,1.0319200000000002,1.23289,0.7360800000000001,0.37938,0.1909,0.11045999999999999,2.1309,61.0,5.8020000000000005,1.1306200000000002,1.04993,0.6310399999999999,0.29091,0.17457,0.13942000000000002,2.3858200000000003,67.0,5.5689997673034695,1.15655755996704,1.4449452161788898,0.6377142667770389,0.295400261878967,0.156313821673393,0.15513750910759,1.72323298454285,73.0,5.483,1.0390000000000001,1.4980000000000002,0.7,0.307,0.10099999999999999,0.154,81.0,5.3229999999999995,1.067,1.465,0.789,0.235,0.094,0.142
59,Poland,Europe,29.904000049591062,2.5324621115875243,60.0,5.791,1.12555,1.27948,0.77903,0.53122,0.04212,0.16759000000000002,1.86565,57.0,5.835,1.24585,1.04685,0.69058,0.4519,0.055,0.14443,2.20035,46.0,5.97300004959106,1.29178786277771,1.44571197032928,0.699475347995758,0.520342111587524,0.0593078061938286,0.158465966582298,1.7977228164672898,42.0,6.122999999999999,1.176,1.4480000000000002,0.7809999999999999,0.546,0.10800000000000001,0.064,40.0,6.182,1.206,1.4380000000000002,0.884,0.483,0.11699999999999999,0.05
60,Malaysia,Asia,29.520000110626217,2.1868149824619287,61.0,5.77,1.12486,1.07023,0.7239399999999999,0.5302399999999999,0.10500999999999999,0.33075,1.8854099999999998,47.0,6.005,1.25142,0.88025,0.62366,0.39031,0.09081,0.41473999999999994,2.35384,42.0,6.08400011062622,1.29121541976929,1.28464603424072,0.618784427642822,0.40226498246192893,0.0656007081270218,0.416608929634094,2.00444889068604,35.0,6.322,1.161,1.258,0.669,0.35600000000000004,0.311,0.059000000000000004,80.0,5.3389999999999995,1.2209999999999999,1.171,0.828,0.508,0.26,0.024
61,Croatia,Europe,27.29300022125244,1.429672292613983,62.0,5.7589999999999995,1.08254,0.79624,0.78805,0.25883,0.0243,0.054439999999999995,2.75414,74.0,5.4879999999999995,1.18649,0.6080899999999999,0.70524,0.23906999999999998,0.04002,0.18434,2.52462,77.0,5.2930002212524405,1.22255623340607,0.9679830074310299,0.701288521289825,0.255772292613983,0.0431031100451946,0.248002976179123,1.85449242591858,82.0,5.321000000000001,1.115,1.161,0.737,0.38,0.12,0.039,75.0,5.432,1.155,1.266,0.914,0.29600000000000004,0.11900000000000001,0.022000000000000002
62,Libya,Middle East and Northern Africa,27.985000095367425,2.201133230113983,63.0,5.754,1.13145,1.1186200000000002,0.7038,0.41668,0.11023,0.18295,2.0906599999999997,67.0,5.615,1.0668799999999998,0.95076,0.52304,0.40671999999999997,0.10339000000000001,0.17087,2.39374,68.0,5.525000095367429,1.1018030643463101,1.3575643301010099,0.520169019699097,0.465733230113983,0.0926102101802826,0.15207366645336198,1.8350112438201898,70.0,5.566,0.985,1.35,0.5529999999999999,0.496,0.11599999999999999,0.14800000000000002,72.0,5.525,1.044,1.3030000000000002,0.6729999999999999,0.41600000000000004,0.133,0.152
63,Russia,Europe,28.99299982070923,1.8003931115722662,64.0,5.716,1.13764,1.23617,0.6692600000000001,0.36679,0.03005,0.00199,2.27394,56.0,5.856,1.2322799999999998,1.05261,0.58991,0.32682,0.03586,0.027360000000000002,2.59115,49.0,5.962999820709231,1.28177809715271,1.46928238868713,0.547349333763123,0.373783111572266,0.0329628810286522,0.0522638224065304,2.20560741424561,59.0,5.81,1.151,1.479,0.599,0.39899999999999997,0.065,0.025,68.0,5.648,1.183,1.452,0.726,0.33399999999999996,0.08199999999999999,0.031
64,Jamaica,South America,28.30999987030029,2.4796972390556338,65.0,5.709,0.81038,1.1510200000000002,0.6874100000000001,0.50442,0.02299,0.2123,2.32038,73.0,5.51,0.89333,0.96372,0.5946899999999999,0.43596999999999997,0.04294,0.22245,2.35682,76.0,5.31099987030029,0.925579309463501,1.3682180643081698,0.6410223841667181,0.474307239055634,0.0552677810192108,0.23381833732128102,1.61232566833496,56.0,5.89,0.8190000000000001,1.493,0.693,0.575,0.096,0.031,56.0,5.89,0.831,1.4780000000000002,0.831,0.49,0.107,0.027999999999999997
65,North Cyprus,Europe,17.275999942779542,1.3974336252021788,66.0,5.695,1.2080600000000001,1.07008,0.92356,0.49027,0.1428,0.26169000000000003,1.5988799999999999,62.0,5.771,1.31141,0.81826,0.8414200000000001,0.43596,0.16577999999999998,0.26322,1.9344700000000001,61.0,5.80999994277954,1.3469113111496,1.18630337715149,0.834647238254547,0.47120362520217896,0.155353352427483,0.266845703125,1.5491576194763201,0.0,0.0,0.0,0.0,0.0,0.0,0.0,0.0,0.0,0.0,0.0,0.0,0.0,0.0,0.0,0.0
66,Cyprus,Europe,28.66399981307983,1.8859015393638612,67.0,5.689,1.20813,0.89318,0.92356,0.40671999999999997,0.06146,0.30638000000000004,1.8893099999999998,69.0,5.546,1.31857,0.70697,0.8488,0.29507,0.05227999999999999,0.27906,2.04497,65.0,5.62099981307983,1.3559380769729599,1.13136327266693,0.84471470117569,0.35511153936386103,0.0412379764020443,0.271254301071167,1.62124919891357,61.0,5.7620000000000005,1.229,1.1909999999999998,0.909,0.423,0.20199999999999999,0.035,49.0,6.046,1.263,1.2229999999999999,1.042,0.406,0.19,0.040999999999999995
67,Algeria,Middle East and Northern Africa,28.338000217437738,0.892185807919502,68.0,5.605,0.93929,1.07772,0.61766,0.28579,0.17382999999999998,0.07822,2.43209,38.0,6.355,1.05266,0.83309,0.6180399999999999,0.21006,0.16157,0.07044,3.40904,53.0,5.872000217437741,1.09186446666718,1.1462174654007,0.6175846457481379,0.233335807919502,0.14609611034393302,0.0694366469979286,2.5676038265228303,84.0,5.295,0.9790000000000001,1.1540000000000001,0.687,0.077,0.055,0.135,88.0,5.211,1.002,1.16,0.785,0.086,0.073,0.114
68,Kosovo,Europe,28.030999805450442,1.5887379405021669,69.0,5.5889999999999995,0.80148,0.81198,0.63132,0.24749000000000002,0.04741,0.2831,2.76579,77.0,5.401,0.90145,0.66062,0.54,0.14396,0.06547,0.27992,2.80998,78.0,5.27899980545044,0.951484382152557,1.1378535032272301,0.541452050209045,0.260287940502167,0.0574716180562973,0.319931447505951,2.0105407238006596,66.0,5.662000000000001,0.855,1.23,0.578,0.44799999999999995,0.27399999999999997,0.023,46.0,6.1,0.882,1.232,0.758,0.489,0.262,0.006
69,Turkmenistan,Europe,27.91100002670288,2.07945192902565,70.0,5.547999999999999,0.95847,1.22668,0.53886,0.4761,0.30844,0.16979,1.8698400000000002,65.0,5.6579999999999995,1.08017,1.03817,0.44006000000000006,0.37408,0.28467,0.22566999999999998,2.21489,59.0,5.82200002670288,1.1307767629623402,1.49314916133881,0.437726080417633,0.41827192902565,0.25927034020423895,0.24992498755454998,1.83290982246399,68.0,5.636,1.016,1.5330000000000001,0.517,0.41700000000000004,0.19899999999999998,0.037000000000000005,87.0,5.247000000000001,1.052,1.538,0.657,0.39399999999999996,0.244,0.027999999999999997
70,Mauritius,Sub-Saharan Africa,28.53300018692017,2.595357326135635,71.0,5.477,1.0076100000000001,0.98521,0.7095,0.56066,0.07521,0.37744,1.76145,66.0,5.648,1.14372,0.75695,0.66189,0.46145,0.05202999999999999,0.36951,2.20223,64.0,5.62900018692017,1.1893955469131499,1.20956099033356,0.6380074620246889,0.491247326135635,0.0421815551817417,0.360933750867844,1.6975839138031,55.0,5.891,1.09,1.3869999999999998,0.684,0.584,0.245,0.05,57.0,5.888,1.12,1.402,0.7979999999999999,0.498,0.215,0.06
71,Hong Kong,Asia,21.791999999999998,2.04087,72.0,5.474,1.38604,1.05818,1.01328,0.59608,0.37124,0.39478,0.6542899999999999,75.0,5.457999999999999,1.5107,0.87021,0.9527700000000001,0.48078999999999994,0.31647,0.40097,0.92614,0.0,0.0,0.0,0.0,0.0,0.0,0.0,0.0,0.0,76.0,5.43,1.405,1.29,1.03,0.524,0.24600000000000002,0.29100000000000004,76.0,5.43,1.4380000000000002,1.2770000000000001,1.122,0.44,0.258,0.287
72,Estonia,Europe,28.189000061035163,2.391121430387497,73.0,5.428999999999999,1.15174,1.22791,0.77361,0.44888,0.15184,0.0868,1.58782,72.0,5.517,1.2796399999999999,1.0516299999999998,0.68098,0.41511000000000003,0.18519000000000002,0.08423,1.81985,66.0,5.61100006103516,1.3208793401718102,1.47667109966278,0.695168316364288,0.479131430387497,0.18324892222881303,0.0988908112049103,1.35750865936279,63.0,5.739,1.2,1.5319999999999998,0.737,0.5529999999999999,0.086,0.174,55.0,5.893,1.237,1.528,0.8740000000000001,0.495,0.10300000000000001,0.161
73,Indonesia,Asia,26.26000008392334,2.330803463201523,74.0,5.399,0.8282700000000001,1.0870799999999998,0.63793,0.46611,0.0,0.51535,1.86399,79.0,5.314,0.95104,0.87625,0.49373999999999996,0.39237,0.00322,0.56521,2.03171,81.0,5.26200008392334,0.995538592338562,1.2744446992874099,0.49234572052955605,0.443323463201523,0.0153171354904771,0.611704587936401,1.42947697639465,96.0,5.093,0.899,1.215,0.522,0.5379999999999999,0.484,0.018000000000000002,92.0,5.192,0.9309999999999999,1.203,0.66,0.491,0.498,0.027999999999999997
74,Vietnam,Asia,25.77299988174438,2.886035591106415,75.0,5.36,0.63216,0.9122600000000001,0.7467600000000001,0.59444,0.10440999999999999,0.1686,2.20173,96.0,5.061,0.74037,0.7911699999999999,0.66157,0.5595399999999999,0.11556,0.25075,1.9418,94.0,5.07399988174438,0.7885475754737851,1.27749133110046,0.6521689891815191,0.571055591106415,0.0876332372426987,0.23496805131435397,1.46231865882874,95.0,5.103,0.715,1.365,0.7020000000000001,0.618,0.177,0.079,94.0,5.175,0.741,1.3459999999999999,0.851,0.5429999999999999,0.147,0.073
75,Turkey,Middle East and Northern Africa,27.076999999999998,1.2867805996322632,76.0,5.332000000000001,1.06098,0.94632,0.73172,0.22815,0.15746,0.12253,2.08528,78.0,5.388999999999999,1.1649200000000002,0.8771700000000001,0.64718,0.23889000000000002,0.12347999999999999,0.04707,2.29074,69.0,5.5,1.1982743740081798,1.33775317668915,0.6376056075096129,0.300740599632263,0.0996715798974037,0.0466930419206619,1.87927794456482,74.0,5.483,1.148,1.38,0.6859999999999999,0.324,0.106,0.109,79.0,5.372999999999999,1.183,1.36,0.8079999999999999,0.195,0.083,0.106
76,Kyrgyzstan,Europe,25.86700018692017,2.3398333887004847,77.0,5.2860000000000005,0.47428000000000003,1.15115,0.65088,0.43477,0.042319999999999997,0.3003,2.2327,85.0,5.185,0.5604399999999999,0.95434,0.5544899999999999,0.40212,0.047619999999999996,0.38432,2.28136,98.0,5.0040001869201705,0.5962200760841371,1.39423859119415,0.553457796573639,0.454943388700485,0.0394391790032387,0.42858037352562,1.5367231369018601,92.0,5.131,0.53,1.416,0.594,0.54,0.281,0.035,86.0,5.261,0.551,1.4380000000000002,0.723,0.508,0.3,0.023
77,Nigeria,Sub-Saharan Africa,25.636999881744384,1.904832565431595,78.0,5.268,0.65435,0.9043200000000001,0.16007000000000002,0.34334000000000003,0.0403,0.27233,2.89319,103.0,4.875,0.75216,0.64498,0.05108,0.27854,0.0305,0.23219,2.8858599999999996,95.0,5.07399988174438,0.783756256103516,1.21577048301697,0.0569157302379608,0.394952565431595,0.0261215660721064,0.23094719648361198,2.36539053916931,91.0,5.155,0.6890000000000001,1.172,0.048,0.462,0.201,0.032,85.0,5.265,0.696,1.111,0.245,0.426,0.215,0.040999999999999995
78,Bhutan,Asia,25.62400015640259,2.492337680625916,79.0,5.252999999999999,0.77042,1.10395,0.57407,0.5320600000000001,0.15445,0.47998,1.63794,84.0,5.196000000000001,0.8527,0.9083600000000001,0.49759,0.46074,0.1616,0.48546000000000006,1.82916,97.0,5.01100015640259,0.885416388511658,1.3401265144348102,0.495879292488098,0.5015376806259161,0.17338038980960802,0.474054545164108,1.14018440246582,97.0,5.082,0.7959999999999999,1.335,0.527,0.541,0.364,0.171,95.0,5.082,0.813,1.321,0.604,0.457,0.37,0.16699999999999998
79,Azerbaijan,Europe,26.14600020599365,1.902725838251114,80.0,5.212000000000001,1.02389,0.9379299999999999,0.64045,0.3703,0.16065,0.07799,2.00073,81.0,5.291,1.12373,0.76042,0.54504,0.35327,0.17914000000000002,0.0564,2.2735,85.0,5.234000205993651,1.1536017656326298,1.15240025520325,0.5407757759094239,0.39815583825111406,0.180987507104874,0.0452693402767181,1.7624816894531203,87.0,5.2010000000000005,1.024,1.161,0.603,0.43,0.031,0.17600000000000002,90.0,5.207999999999999,1.043,1.147,0.769,0.35100000000000003,0.035,0.182
80,Pakistan,Asia,26.72000005340576,1.14945526157856,81.0,5.194,0.59543,0.41411000000000003,0.51466,0.12102,0.10464000000000001,0.33671,3.1070900000000004,92.0,5.132000000000001,0.68816,0.26135,0.40306,0.14622000000000002,0.1388,0.31185,3.18286,80.0,5.26900005340576,0.7268835306167599,0.6726906895637509,0.40204778313636796,0.23521526157856,0.12434806674718901,0.31544601917266807,2.7924892902374303,75.0,5.472,0.652,0.81,0.424,0.33399999999999996,0.21600000000000003,0.113,67.0,5.653,0.677,0.8859999999999999,0.535,0.313,0.22,0.098
81,Jordan,Middle East and Northern Africa,25.897999965667722,2.036261149253845,82.0,5.192,0.9019799999999999,1.05392,0.69639,0.40660999999999997,0.14293,0.11052999999999999,1.8799599999999999,80.0,5.303,0.9967299999999999,0.86216,0.60712,0.36023,0.13297,0.14262,2.20142,74.0,5.33599996566772,0.9910123944282528,1.2390888929367099,0.6045900583267211,0.418421149253845,0.11980327218771002,0.17217046022415197,1.79117655754089,90.0,5.1610000000000005,0.8220000000000001,1.265,0.645,0.46799999999999997,0.13,0.134,101.0,4.906000000000001,0.8370000000000001,1.225,0.815,0.38299999999999995,0.11,0.13
82,Montenegro,Europe,26.45999998855591,0.984699055395126,82.0,5.192,0.9743799999999999,0.9055700000000001,0.72521,0.1826,0.14296,0.1614,2.10017,88.0,5.1610000000000005,1.07838,0.74173,0.6353300000000001,0.15111,0.12721,0.17190999999999998,2.2553099999999997,83.0,5.23699998855591,1.12112903594971,1.23837649822235,0.6674646735191351,0.194989055395126,0.0881741940975189,0.197911024093628,1.72919154167175,81.0,5.347,1.0170000000000001,1.2790000000000001,0.7290000000000001,0.259,0.111,0.081,73.0,5.523,1.051,1.361,0.871,0.19699999999999998,0.142,0.08
83,China,Asia,26.09499976348877,2.5478777080440516,84.0,5.14,0.89012,0.94675,0.81658,0.5169699999999999,0.02781,0.08185,1.8604,83.0,5.245,1.0278,0.79381,0.73561,0.44011999999999996,0.02745,0.049589999999999995,2.17087,79.0,5.2729997634887695,1.08116579055786,1.16083741188049,0.741415500640869,0.47278770804405196,0.0227942746132612,0.0288068410009146,1.76493859291077,86.0,5.246,0.9890000000000001,1.1420000000000001,0.799,0.597,0.028999999999999998,0.10300000000000001,93.0,5.191,1.0290000000000001,1.125,0.893,0.521,0.057999999999999996,0.1
84,Zambia,Sub-Saharan Africa,22.921999938964838,2.310493492498398,85.0,5.129,0.47038,0.91612,0.29924,0.48827,0.12468,0.19591,2.6343,106.0,4.795,0.61202,0.6376,0.23573000000000002,0.42662,0.11479,0.17865999999999999,2.5899099999999997,116.0,4.513999938964839,0.6364067792892459,1.00318729877472,0.25783589482307395,0.461603492498398,0.0782135501503944,0.249580144882202,1.82670545578003,125.0,4.377,0.562,1.047,0.295,0.503,0.221,0.08199999999999999,138.0,4.107,0.578,1.058,0.426,0.431,0.247,0.087
85,Romania,Europe,28.49199980926514,2.164803742456436,86.0,5.124,1.04345,0.8858799999999999,0.7689,0.35068,0.006490000000000001,0.13748,1.9312900000000002,71.0,5.528,1.1697,0.7280300000000001,0.67602,0.36712,0.006790000000000001,0.12889,2.4518400000000002,57.0,5.824999809265139,1.21768391132355,1.15009129047394,0.6851583123207089,0.457003742456436,0.0043879006989300294,0.133519917726517,2.17683148384094,52.0,5.945,1.1159999999999999,1.219,0.726,0.528,0.08800000000000001,0.001,48.0,6.07,1.162,1.232,0.825,0.462,0.083,0.005
86,Serbia,Europe,26.69599998092651,1.136965528249741,87.0,5.122999999999999,0.92053,1.0096399999999999,0.74836,0.20107,0.02617,0.19230999999999998,2.025,86.0,5.1770000000000005,1.03437,0.81329,0.6458,0.15718,0.04339,0.20736999999999997,2.2753900000000002,73.0,5.39499998092651,1.06931757926941,1.2581897974014298,0.65078467130661,0.20871552824974102,0.0409037806093693,0.22012588381767298,1.94708442687988,78.0,5.398,0.975,1.369,0.685,0.28800000000000003,0.134,0.043,70.0,5.603,1.004,1.383,0.8540000000000001,0.282,0.13699999999999998,0.039
87,Portugal,Europe,26.52300017166138,2.530425299606323,88.0,5.102,1.15991,1.13935,0.8751899999999999,0.51469,0.01078,0.13719,1.26462,94.0,5.122999999999999,1.27607,0.9436700000000001,0.7936300000000001,0.44727,0.01521,0.11690999999999999,1.53015,89.0,5.19500017166138,1.3151752948761002,1.36704301834106,0.795843541622162,0.498465299606323,0.0158694516867399,0.0951027125120163,1.10768270492554,77.0,5.41,1.188,1.429,0.884,0.562,0.055,0.017,66.0,5.693,1.2209999999999999,1.431,0.9990000000000001,0.508,0.047,0.025
88,Latvia,Europe,28.38099990463257,1.529377912445068,89.0,5.098,1.11312,1.09562,0.72437,0.29671,0.06332,0.18225999999999998,1.62215,68.0,5.56,1.2178799999999999,0.95025,0.63952,0.27996,0.0889,0.17445,2.20859,54.0,5.849999904632571,1.26074862480164,1.40471494197845,0.638566970825195,0.32570791244506797,0.0738427266478539,0.153074786067009,1.9936552047729499,53.0,5.933,1.148,1.454,0.6709999999999999,0.363,0.092,0.066,53.0,5.94,1.187,1.465,0.812,0.264,0.075,0.064
89,Philippines,Asia,26.93699982833862,2.9602046744728083,90.0,5.073,0.70532,1.03516,0.58114,0.62545,0.12279000000000001,0.24991,1.7536,82.0,5.279,0.81217,0.87877,0.47036000000000006,0.5485399999999999,0.11757000000000001,0.21674000000000002,2.23484,72.0,5.42999982833862,0.85769921541214,1.25391757488251,0.46800905466079706,0.585214674472809,0.0993318930268288,0.193513423204422,1.9726047515869098,71.0,5.524,0.775,1.3119999999999998,0.513,0.643,0.12,0.105,69.0,5.631,0.807,1.2930000000000001,0.657,0.5579999999999999,0.11699999999999999,0.107
90,Somaliland region,Sub-Saharan Africa,5.0569999999999995,0.46581999999999996,91.0,5.0569999999999995,0.18847,0.95152,0.43873,0.46581999999999996,0.39928,0.5031800000000001,2.11032,0.0,0.0,0.0,0.0,0.0,0.0,0.0,0.0,0.0,0.0,0.0,0.0,0.0,0.0,0.0,0.0,0.0,0.0,0.0,0.0,0.0,0.0,0.0,0.0,0.0,0.0,0.0,0.0,0.0,0.0,0.0,0.0,0.0,0.0
91,Morocco,Middle East and Northern Africa,25.861000133514395,1.959528332109451,92.0,5.013,0.7347899999999999,0.64095,0.60954,0.41691000000000006,0.08546000000000001,0.07172,2.4537299999999997,90.0,5.151,0.8405799999999999,0.38595,0.5947100000000001,0.25645999999999997,0.08404,0.040530000000000004,2.9489099999999997,84.0,5.2350001335144,0.8781145811080929,0.774864435195923,0.59771066904068,0.408158332109451,0.0877631828188896,0.0322099551558495,2.45618939399719,85.0,5.254,0.779,0.797,0.669,0.46,0.026000000000000002,0.07400000000000001,89.0,5.207999999999999,0.8009999999999999,0.782,0.782,0.418,0.036000000000000004,0.076
92,Macedonia,Europe,20.48800019073486,1.331155978679657,93.0,5.007,0.91851,1.00232,0.73545,0.33457,0.053270000000000005,0.22359,1.7393299999999998,95.0,5.121,1.0193,0.78236,0.6473800000000001,0.27668000000000004,0.07047,0.23506999999999997,2.08947,92.0,5.175000190734861,1.06457793712616,1.20789301395416,0.644948184490204,0.325905978679657,0.0602777935564518,0.25376096367836,1.6174693107605,89.0,5.185,0.9590000000000001,1.239,0.691,0.39399999999999996,0.17300000000000001,0.052000000000000005,0.0,0.0,0.0,0.0,0.0,0.0,0.0,0.0
93,Mozambique,Sub-Saharan Africa,18.40400019073486,1.846161091918945,94.0,4.971,0.08308,1.02626,0.09131,0.34037,0.15603,0.22269,3.05137,0.0,0.0,0.0,0.0,0.0,0.0,0.0,0.0,0.0,113.0,4.550000190734861,0.23430564999580397,0.870701014995575,0.10665443539619399,0.48079109191894503,0.17943638563156103,0.322228103876114,2.3556509017944305,123.0,4.417,0.198,0.902,0.17300000000000001,0.531,0.20600000000000002,0.158,123.0,4.466,0.204,0.986,0.39,0.494,0.19699999999999998,0.138
94,Albania,Europe,23.56300005340576,1.8594886348152162,95.0,4.959,0.8786700000000001,0.8043399999999999,0.81325,0.35733000000000004,0.06412999999999999,0.14272,1.89894,109.0,4.655,0.9553,0.50163,0.73007,0.31866,0.05301,0.1684,1.9281599999999999,109.0,4.64400005340576,0.996192753314972,0.8036852478981021,0.731159746646881,0.381498634815216,0.0398642159998417,0.20131294429302202,1.49044156074524,112.0,4.586,0.9159999999999999,0.8170000000000001,0.79,0.419,0.149,0.032,107.0,4.718999999999999,0.9470000000000001,0.848,0.8740000000000001,0.38299999999999995,0.17800000000000002,0.027000000000000003
95,Bosnia and Herzegovina,Europe,25.809000160217284,0.8839631769037251,96.0,4.949,0.8322299999999999,0.9191600000000001,0.79081,0.09245,0.00227,0.24808000000000002,2.06367,87.0,5.162999999999999,0.9338299999999999,0.64367,0.7076600000000001,0.09511,0.0,0.29889,2.48406,90.0,5.18200016021729,0.982409417629242,1.0693359375,0.705186307430267,0.204403176903725,0.0,0.328867495059967,1.89217257499695,93.0,5.129,0.915,1.078,0.758,0.28,0.21600000000000003,0.0,78.0,5.386,0.945,1.212,0.845,0.212,0.263,0.006
96,Lesotho,Sub-Saharan Africa,16.31600008773804,1.490331299228668,97.0,4.898,0.37545,1.04103,0.07612000000000001,0.31767,0.12504,0.16388,2.79832,0.0,0.0,0.0,0.0,0.0,0.0,0.0,0.0,0.0,139.0,3.80800008773804,0.521021246910095,1.19009518623352,0.0,0.390661299228668,0.119094640016556,0.157497271895409,1.42983531951904,141.0,3.8080000000000003,0.47200000000000003,1.215,0.079,0.423,0.11599999999999999,0.11199999999999999,144.0,3.802,0.489,1.169,0.168,0.359,0.107,0.09300000000000001
97,Dominican Republic,South America,25.99700001907349,2.72689983373642,98.0,4.885,0.8953700000000001,1.17202,0.66825,0.57672,0.14234000000000002,0.21684,1.21305,89.0,5.155,1.02787,0.9949600000000001,0.5766899999999999,0.52259,0.12372000000000001,0.21286,1.6962599999999999,86.0,5.230000019073491,1.07937383651733,1.4024167060852097,0.574873745441437,0.55258983373642,0.113945253193378,0.186967849731445,1.3194651603698702,83.0,5.3020000000000005,0.982,1.4409999999999998,0.614,0.578,0.12,0.106,77.0,5.425,1.015,1.401,0.779,0.49700000000000005,0.113,0.10099999999999999
98,Laos,Asia,19.171,2.2905900000000003,99.0,4.876,0.5906600000000001,0.73803,0.54909,0.59591,0.24249,0.42191999999999996,1.7379900000000001,102.0,4.876,0.68042,0.5497,0.38291,0.52168,0.22423,0.43078999999999995,2.08637,0.0,0.0,0.0,0.0,0.0,0.0,0.0,0.0,0.0,110.0,4.623,0.72,1.034,0.441,0.626,0.23,0.174,105.0,4.796,0.764,1.03,0.551,0.547,0.266,0.16399999999999998
99,Mongolia,Asia,25.14599992370605,1.902123968820572,100.0,4.874,0.82819,1.3006,0.60268,0.43626000000000004,0.026660000000000003,0.3323,1.34759,101.0,4.907,0.9885299999999999,1.0898299999999999,0.55469,0.35972,0.03285,0.34539000000000003,1.53586,100.0,4.95499992370605,1.0272358655929599,1.4930112361908001,0.557783484458923,0.39414396882057207,0.0329022891819477,0.338464230298996,1.1112923622131299,94.0,5.125,0.914,1.517,0.575,0.395,0.253,0.032,83.0,5.285,0.948,1.531,0.667,0.317,0.235,0.038
100,Swaziland,Sub-Saharan Africa,9.079,0.61958,101.0,4.867,0.71206,1.07284,0.07566,0.30658,0.0306,0.18259,2.48676,0.0,0.0,0.0,0.0,0.0,0.0,0.0,0.0,0.0,0.0,0.0,0.0,0.0,0.0,0.0,0.0,0.0,0.0,0.0,0.0,0.0,0.0,0.0,0.0,0.0,0.0,135.0,4.212,0.8109999999999999,1.149,0.0,0.313,0.07400000000000001,0.135
101,Greece,Europe,25.762000236511234,0.4289412509417534,102.0,4.857,1.15406,0.9293299999999999,0.88213,0.07699,0.013969999999999998,0.0,1.8010099999999998,99.0,5.033,1.24886,0.75473,0.80029,0.05822000000000001,0.04127,0.0,2.12944,87.0,5.2270002365112305,1.28948748111725,1.23941457271576,0.8101989030838009,0.0957312509417534,0.043289776891470004,0.0,1.74922156333923,79.0,5.358,1.1540000000000001,1.202,0.879,0.131,0.0,0.044000000000000004,82.0,5.287000000000001,1.181,1.156,0.9990000000000001,0.067,0.0,0.034
102,Lebanon,Middle East and Northern Africa,25.747999904632568,1.6089559850120538,103.0,4.8389999999999995,1.0256399999999999,0.80001,0.83947,0.33916,0.04582,0.21854,1.57059,93.0,5.129,1.12268,0.64184,0.76171,0.26228,0.030610000000000002,0.23693000000000003,2.0733900000000003,88.0,5.22499990463257,1.07498753070831,1.1296242475509601,0.7350810766220089,0.28851598501205394,0.037513829767704,0.26445075869560203,1.69507384300232,80.0,5.358,0.965,1.179,0.785,0.503,0.214,0.136,91.0,5.197,0.987,1.224,0.815,0.21600000000000003,0.166,0.027000000000000003
103,Hungary,Europe,26.64699988174438,1.152683519310951,104.0,4.8,1.12094,1.20215,0.75905,0.32111999999999996,0.02758,0.128,1.24074,91.0,5.145,1.24142,0.9316399999999999,0.67608,0.1977,0.044719999999999996,0.099,1.9547299999999999,75.0,5.32399988174438,1.2860119342803997,1.34313309192657,0.6877634525299069,0.17586351931095098,0.0366369374096394,0.0784016624093056,1.7164592742919902,69.0,5.62,1.171,1.401,0.732,0.259,0.061,0.022000000000000002,62.0,5.757999999999999,1.2009999999999998,1.41,0.828,0.19899999999999998,0.081,0.02
104,Honduras,South America,26.20400023269653,1.9831098602104191,105.0,4.788,0.59532,0.9534799999999999,0.6951,0.40148,0.06825,0.23026999999999997,1.84408,104.0,4.871,0.69429,0.7559600000000001,0.5838300000000001,0.26755,0.06906,0.2044,2.2955099999999997,91.0,5.1810002326965305,0.730573117733002,1.14394497871399,0.582569479942322,0.348079860210419,0.0733454525470734,0.23618887364864302,2.0658111572265603,72.0,5.504,0.62,1.205,0.622,0.45899999999999996,0.19699999999999998,0.07400000000000001,59.0,5.86,0.642,1.236,0.828,0.507,0.24600000000000002,0.078
105,Tajikistan,Europe,25.48899988937378,2.058806706895828,106.0,4.7860000000000005,0.39047,0.8556299999999999,0.5737899999999999,0.47216,0.15072,0.22974,2.1139900000000003,100.0,4.996,0.48835,0.75602,0.5311899999999999,0.43408,0.13509000000000002,0.25998000000000004,2.39106,96.0,5.04099988937378,0.524713635444641,1.27146327495575,0.5292351245880129,0.47156670689582797,0.14637714624404902,0.24899764358997303,1.8490493297576898,88.0,5.199,0.474,1.166,0.598,0.292,0.187,0.034,74.0,5.4670000000000005,0.493,1.0979999999999999,0.718,0.389,0.23,0.14400000000000002
106,Tunisia,Middle East and Northern Africa,23.64199982833862,1.2258906895732882,107.0,4.739,0.88113,0.60429,0.73793,0.26268,0.06358,0.06431,2.12466,98.0,5.045,0.97724,0.43165,0.59577,0.23553000000000002,0.0817,0.03936,2.68413,102.0,4.80499982833862,1.00726580619812,0.8683514595031742,0.613212049007416,0.289680689573288,0.0867231488227844,0.0496933571994305,1.8902511596679699,111.0,4.592,0.9,0.9059999999999999,0.69,0.271,0.04,0.063,124.0,4.461,0.9209999999999999,1.0,0.815,0.16699999999999998,0.059000000000000004,0.055
107,Palestinian Territories,Middle East and Northern Africa,23.68300009536743,1.1681410617160801,108.0,4.715,0.59867,0.92558,0.66015,0.24499,0.12905,0.11250999999999999,2.0438400000000003,108.0,4.754,0.67024,0.71629,0.56844,0.17744000000000001,0.10613,0.11154000000000001,2.40364,103.0,4.77500009536743,0.716249227523804,1.1556471586227401,0.565666973590851,0.25471106171608,0.0892826020717621,0.114173173904419,1.8788902759552,104.0,4.743,0.642,1.217,0.602,0.266,0.086,0.076,110.0,4.696000000000001,0.657,1.247,0.672,0.225,0.10300000000000001,0.066
108,Bangladesh,Asia,22.900999801635738,2.391336659412384,109.0,4.694,0.39753,0.43106000000000005,0.60164,0.4082,0.12569,0.21222,2.51767,110.0,4.643,0.54177,0.24749000000000002,0.52989,0.39778,0.12583,0.19132000000000002,2.6090400000000002,110.0,4.60799980163574,0.586682975292206,0.735131740570068,0.533241033554077,0.478356659412384,0.123717859387398,0.17225535213947304,1.9787361621856698,115.0,4.5,0.532,0.85,0.579,0.58,0.153,0.14400000000000002,125.0,4.456,0.562,0.9279999999999999,0.723,0.527,0.166,0.14300000000000002
109,Iran,Middle East and Northern Africa,23.44599991226196,1.539092608113289,110.0,4.686,1.0088,0.54447,0.69805,0.30033000000000004,0.058629999999999995,0.38086,1.6944,105.0,4.813,1.11758,0.38856999999999997,0.64232,0.22544,0.0557,0.38538,1.99817,108.0,4.69199991226196,1.15687310695648,0.7115512490272521,0.639333188533783,0.24932260811328896,0.048761073499918005,0.387242913246155,1.49873495101929,106.0,4.707,1.0590000000000002,0.7709999999999999,0.691,0.45899999999999996,0.282,0.129,117.0,4.548,1.1,0.8420000000000001,0.785,0.305,0.27,0.125
110,Ukraine,Europe,21.53600019454956,0.8437947757315641,111.0,4.681,0.79907,1.20278,0.6739,0.25123,0.02961,0.15275,1.5714,123.0,4.324,0.87287,1.01413,0.58628,0.12859,0.01829,0.20363,1.50066,132.0,4.09600019454956,0.89465194940567,1.39453756809235,0.575903952121735,0.12297477573156401,0.0230294708162546,0.270061463117599,0.8143823146820072,138.0,4.103,0.7929999999999999,1.413,0.609,0.163,0.187,0.011000000000000001,133.0,4.332,0.82,1.39,0.7390000000000001,0.17800000000000002,0.187,0.01
111,Iraq,Middle East and Northern Africa,22.64200021743774,1.0821155326938632,112.0,4.677,0.98549,0.81889,0.60237,0.0,0.13788,0.17922000000000002,1.95335,112.0,4.575,1.07474,0.59205,0.51076,0.24856,0.13635999999999998,0.19589,1.81657,117.0,4.49700021743774,1.1027104854583702,0.978613197803497,0.501180469989777,0.288555532693863,0.10721575468778599,0.19963726401329,1.31890726089478,117.0,4.456,1.01,0.971,0.536,0.304,0.14800000000000002,0.095,126.0,4.437,1.043,0.98,0.574,0.24100000000000002,0.14800000000000002,0.08900000000000001
112,South Africa,Sub-Saharan Africa,23.3759999961853,2.141146735572815,113.0,4.6419999999999995,0.9204899999999999,1.18468,0.27688,0.33207,0.08884,0.11972999999999999,1.7195599999999998,116.0,4.459,1.02416,0.9605299999999999,0.18611,0.42483000000000004,0.08415,0.13656,1.6422700000000001,101.0,4.8289999961853,1.05469870567322,1.38478863239288,0.18708007037639604,0.479246735572815,0.0725094974040985,0.13936237990856198,1.51090860366821,105.0,4.724,0.94,1.41,0.33,0.516,0.10300000000000001,0.055999999999999994,106.0,4.7219999999999995,0.96,1.351,0.469,0.389,0.13,0.055
113,Ghana,Sub-Saharan Africa,22.68199988555908,2.136176293516159,114.0,4.633,0.5455800000000001,0.6795399999999999,0.40131999999999995,0.42341999999999996,0.04355,0.23087,2.30919,124.0,4.276,0.63107,0.49353,0.29681,0.40973000000000004,0.0326,0.21203000000000002,2.2002,131.0,4.11999988555908,0.667224824428558,0.873664736747742,0.29563772678375205,0.423026293516159,0.0253363698720932,0.25692394375801103,1.57786750793457,108.0,4.657,0.5920000000000001,0.8959999999999999,0.337,0.499,0.212,0.028999999999999998,98.0,4.996,0.611,0.868,0.486,0.381,0.245,0.04
114,Zimbabwe,Sub-Saharan Africa,20.033,1.616284207010269,115.0,4.61,0.271,1.0327600000000001,0.33475,0.25861,0.08079,0.18987,2.44191,131.0,4.1930000000000005,0.35041,0.71478,0.1595,0.25429,0.08582000000000001,0.18503,2.4427,138.0,3.875,0.37584653496742204,1.08309590816498,0.19676375389099102,0.336384207010269,0.0953753814101219,0.189143493771553,1.59797024726868,144.0,3.6919999999999997,0.35700000000000004,1.094,0.248,0.406,0.132,0.099,146.0,3.6630000000000003,0.366,1.114,0.433,0.361,0.151,0.08900000000000001
115,Liberia,Sub-Saharan Africa,19.195999992370613,1.664671182432175,116.0,4.571000000000001,0.0712,0.78968,0.34201,0.28531,0.06232000000000001,0.24361999999999998,2.7772900000000003,150.0,3.622,0.10705999999999999,0.50353,0.23165,0.25748000000000004,0.04852,0.24063,2.23284,148.0,3.5329999923706095,0.11904179304838199,0.8721179366111759,0.229918196797371,0.33288118243217496,0.0389482490718365,0.26654988527298,1.6732859611511202,149.0,3.495,0.076,0.858,0.267,0.419,0.20600000000000002,0.03,141.0,3.975,0.073,0.922,0.44299999999999995,0.37,0.233,0.033
116,India,Asia,21.489000057220462,2.3076970049953465,117.0,4.565,0.64499,0.38174,0.5152899999999999,0.39786,0.08492000000000001,0.26475,2.27513,118.0,4.404,0.74036,0.29247,0.45091000000000003,0.40285,0.08722,0.25028,2.18032,122.0,4.31500005722046,0.7922212481498722,0.754372596740723,0.455427616834641,0.469987004995346,0.0922268852591515,0.23153848946094502,1.5191171169281,133.0,4.19,0.721,0.747,0.485,0.539,0.172,0.09300000000000001,140.0,4.015,0.755,0.765,0.588,0.498,0.2,0.085
117,Sudan,Sub-Saharan Africa,16.96699993896484,0.1318058552792668,118.0,4.55,0.52107,1.01404,0.36878,0.10081,0.1466,0.19062,2.20857,133.0,4.138999999999999,0.63069,0.8192799999999999,0.29759,0.0,0.10039,0.18077000000000001,2.10995,130.0,4.138999938964839,0.6595166921615601,1.21400856971741,0.290920823812485,0.0149958552792668,0.089847519993782,0.182317450642586,1.6870658397674598,137.0,4.138999999999999,0.605,1.24,0.312,0.016,0.134,0.08199999999999999,0.0,0.0,0.0,0.0,0.0,0.0,0.0,0.0
118,Haiti,South America,19.3279999256134,0.44633985732614995,119.0,4.518,0.26673,0.74302,0.38847,0.24425,0.17175,0.46187,2.24173,136.0,4.0280000000000005,0.34097,0.29561,0.27494,0.12072000000000001,0.14476,0.47958,2.3711599999999997,145.0,3.6029999256133998,0.368610262870789,0.640449821949005,0.277321130037308,0.0303698573261499,0.0998721495270729,0.48920378088951094,1.69716763496399,148.0,3.582,0.315,0.7140000000000001,0.289,0.025,0.392,0.10400000000000001,147.0,3.597,0.32299999999999995,0.688,0.449,0.026000000000000002,0.419,0.11
119,Congo (Kinshasa),Sub-Saharan Africa,21.73200020980835,1.199031347818375,120.0,4.5169999999999995,0.0,1.0012,0.09806000000000001,0.22605,0.07625,0.24834,2.86712,125.0,4.272,0.05661,0.80676,0.188,0.15602,0.06075,0.25458000000000003,2.7492400000000004,126.0,4.2800002098083505,0.0921023488044739,1.22902345657349,0.191407024860382,0.235961347818375,0.0602413564920425,0.246455833315849,2.22495865821838,132.0,4.245,0.069,1.136,0.204,0.312,0.19699999999999998,0.052000000000000005,127.0,4.418,0.094,1.125,0.35700000000000004,0.26899999999999996,0.212,0.053
120,Nepal,Asia,24.061999893188478,2.158245948257446,121.0,4.513999999999999,0.35996999999999996,0.86449,0.5687399999999999,0.38282,0.059070000000000004,0.32295999999999997,1.9563700000000002,107.0,4.793,0.44626000000000005,0.69699,0.50073,0.37012,0.07007999999999999,0.3816,2.32694,99.0,4.961999893188481,0.479820191860199,1.17928326129913,0.504130780696869,0.44030594825744607,0.0729755461215973,0.39409616589546204,1.8912410736084,101.0,4.88,0.425,1.228,0.539,0.526,0.302,0.078,100.0,4.913,0.446,1.226,0.677,0.439,0.285,0.08900000000000001
121,Ethiopia,Sub-Saharan Africa,22.11600003814697,2.006372742443085,122.0,4.512,0.19072999999999998,0.60406,0.44055,0.4345,0.15048,0.24325,2.44876,115.0,4.508,0.29283000000000003,0.37932,0.34578000000000003,0.36703,0.1717,0.29522,2.65614,119.0,4.46000003814697,0.339233845472336,0.8646692037582401,0.35340970754623396,0.408842742443085,0.16545571386814098,0.31265074014663696,2.01574373245239,127.0,4.35,0.308,0.95,0.391,0.452,0.22,0.146,134.0,4.2860000000000005,0.336,1.033,0.532,0.344,0.209,0.1
122,Sierra Leone,Sub-Saharan Africa,22.79600011062622,1.6979476909637448,123.0,4.507,0.33024000000000003,0.9557100000000001,0.0,0.4084,0.08786000000000001,0.21488000000000002,2.51009,111.0,4.635,0.36485,0.628,0.0,0.30685,0.08196,0.23897,3.01402,106.0,4.70900011062622,0.36842092871666,0.984136044979095,0.005564753897488121,0.318697690963745,0.0710951760411263,0.293040901422501,2.66845989227295,113.0,4.571000000000001,0.256,0.813,0.0,0.355,0.23800000000000002,0.053,129.0,4.374,0.268,0.841,0.242,0.309,0.252,0.045
123,Mauritania,Sub-Saharan Africa,21.774999816894535,0.6602180430245399,124.0,4.436,0.45407,0.86908,0.35874,0.24231999999999998,0.17461,0.21899999999999997,2.11773,130.0,4.2010000000000005,0.6139100000000001,0.8414200000000001,0.28639000000000003,0.1268,0.17955,0.22685999999999998,1.9263,123.0,4.29199981689453,0.6484572887420649,1.2720308303833001,0.285349279642105,0.0960980430245399,0.136957004666328,0.201870024204254,1.65163731575012,126.0,4.356,0.557,1.245,0.292,0.129,0.134,0.09300000000000001,122.0,4.49,0.57,1.167,0.489,0.066,0.106,0.08800000000000001
124,Kenya,Sub-Saharan Africa,22.246999973297118,2.215673766050339,125.0,4.419,0.36471,0.99876,0.41435,0.42215,0.05839,0.37542,1.78555,122.0,4.356,0.52267,0.7624,0.30146999999999996,0.40576,0.06686,0.41328000000000004,1.88326,112.0,4.55299997329712,0.560479462146759,1.0679507255554201,0.30998834967613204,0.45276376605033897,0.0646413192152977,0.444860309362411,1.6519021987915001,124.0,4.41,0.493,1.048,0.45399999999999996,0.504,0.35200000000000004,0.055,121.0,4.5089999999999995,0.512,0.983,0.581,0.431,0.37200000000000005,0.053
125,Djibouti,Sub-Saharan Africa,4.369,0.46074,126.0,4.369,0.44025,0.59207,0.36291,0.46074,0.28105,0.18093,2.05125,0.0,0.0,0.0,0.0,0.0,0.0,0.0,0.0,0.0,0.0,0.0,0.0,0.0,0.0,0.0,0.0,0.0,0.0,0.0,0.0,0.0,0.0,0.0,0.0,0.0,0.0,0.0,0.0,0.0,0.0,0.0,0.0,0.0,0.0
126,Armenia,Europe,21.965999927520752,1.080143267359734,127.0,4.35,0.7682100000000001,0.7771100000000001,0.7299,0.19847,0.039,0.07855,1.75873,121.0,4.36,0.8608600000000001,0.6247699999999999,0.64083,0.14037,0.036160000000000005,0.07793,1.9786400000000002,121.0,4.37599992752075,0.900596737861633,1.00748372077942,0.637524425983429,0.198303267359734,0.0266744215041399,0.0834880918264389,1.5214991569518999,129.0,4.321000000000001,0.816,0.99,0.6659999999999999,0.26,0.077,0.027999999999999997,116.0,4.559,0.85,1.055,0.815,0.28300000000000003,0.095,0.064
127,Botswana,Sub-Saharan Africa,19.15000003242493,2.4530363329315192,128.0,4.332,0.99355,1.10464,0.047760000000000004,0.49495,0.12474,0.10461,1.46181,137.0,3.9739999999999998,1.09426,0.89186,0.34752,0.44088999999999995,0.10769000000000001,0.12425,0.96741,142.0,3.7660000324249303,1.12209415435791,1.2215549945831299,0.34175550937652605,0.505196332931519,0.0985831990838051,0.0993484482169151,0.37791371345520003,146.0,3.59,1.0170000000000001,1.1740000000000002,0.41700000000000004,0.557,0.042,0.092,148.0,3.488,1.041,1.145,0.5379999999999999,0.455,0.025,0.1
128,Myanmar,Asia,21.915000076293946,2.486582034912109,129.0,4.3069999999999995,0.27108000000000004,0.70905,0.48246000000000006,0.44017,0.19034,0.79588,1.41805,119.0,4.395,0.34112,0.69981,0.3988,0.42691999999999997,0.20243,0.81971,1.50655,114.0,4.54500007629395,0.36711055040359497,1.12323594093323,0.397522568702698,0.514492034912109,0.188816204667091,0.8380751609802249,1.11529040336609,130.0,4.308,0.682,1.1740000000000002,0.429,0.58,0.598,0.17800000000000002,131.0,4.36,0.71,1.181,0.555,0.525,0.5660000000000001,0.172
129,Georgia,Europe,21.693999774932863,1.760790035610199,130.0,4.297,0.7419,0.38561999999999996,0.72926,0.40576999999999996,0.38331,0.055470000000000005,1.59541,126.0,4.252,0.8379200000000001,0.19249000000000002,0.64035,0.32461,0.3188,0.06786,1.87031,125.0,4.28599977493286,0.950612664222717,0.57061493396759,0.649546980857849,0.309410035610199,0.25166663527488703,0.0540088154375553,1.50013780593872,128.0,4.34,0.853,0.5920000000000001,0.643,0.375,0.038,0.215,119.0,4.519,0.8859999999999999,0.6659999999999999,0.752,0.34600000000000003,0.043,0.16399999999999998
130,Malawi,Sub-Saharan Africa,19.41500002861023,2.285754653778076,131.0,4.292,0.016040000000000002,0.41134,0.22562,0.43054,0.06977,0.33128,2.8079099999999997,132.0,4.156000000000001,0.08709,0.147,0.29364,0.4143,0.07564,0.30968,2.82859,136.0,3.97000002861023,0.233442038297653,0.5125688314437871,0.315089583396912,0.466914653778076,0.0727116540074348,0.28717046976089505,2.08178615570068,147.0,3.5869999999999997,0.18600000000000003,0.541,0.306,0.531,0.21,0.08,150.0,3.41,0.191,0.56,0.495,0.44299999999999995,0.218,0.08900000000000001
131,Sri Lanka,Asia,21.96300005722046,2.661643254928589,132.0,4.271,0.83524,1.01905,0.70806,0.5372600000000001,0.09179,0.40828000000000003,0.67108,117.0,4.415,0.9731799999999999,0.84783,0.62007,0.50817,0.07964,0.46978000000000003,0.91681,120.0,4.44000005722046,1.00985014438629,1.25997638702393,0.625130832195282,0.561213254928589,0.0736539661884308,0.49086356163024897,0.41938924789428705,116.0,4.471,0.9179999999999999,1.314,0.672,0.585,0.307,0.05,130.0,4.3660000000000005,0.9490000000000001,1.265,0.831,0.47,0.244,0.047
132,Cameroon,Sub-Saharan Africa,23.47900017166138,2.185838748645782,133.0,4.252,0.4225,0.8876700000000001,0.23401999999999998,0.49309,0.05786,0.20618000000000003,1.95071,114.0,4.513,0.5249699999999999,0.62542,0.12697999999999998,0.42736,0.06126,0.2268,2.5198,107.0,4.69500017166138,0.564305365085602,0.946018218994141,0.132892116904259,0.430388748645782,0.0513066314160824,0.23629845678806302,2.3336455821991,99.0,4.975,0.535,0.8909999999999999,0.182,0.45399999999999996,0.183,0.043,96.0,5.044,0.5489999999999999,0.91,0.331,0.381,0.187,0.037000000000000005
133,Bulgaria,Europe,23.093000225067136,1.4772917175865168,134.0,4.218,1.01216,1.10614,0.76649,0.30587,0.00872,0.11921,0.89991,129.0,4.217,1.11306,0.92542,0.67806,0.21219000000000002,0.00615,0.12793,1.15377,105.0,4.71400022506714,1.1614590883255,1.4343794584274299,0.708217680454254,0.28923171758651695,0.0110515309497714,0.113177694380283,0.996139287948608,100.0,4.933,1.054,1.515,0.7120000000000001,0.359,0.064,0.009000000000000001,97.0,5.011,1.092,1.5130000000000001,0.815,0.311,0.081,0.004
134,Egypt,Middle East and Northern Africa,21.876000133514403,1.196460154628754,135.0,4.194,0.8818,0.747,0.61712,0.17288,0.06324,0.11291,1.59927,120.0,4.362,0.95395,0.49813,0.5211600000000001,0.18847,0.10393,0.12705999999999998,1.96895,104.0,4.7350001335144,0.989701807498932,0.997471392154694,0.520187258720398,0.28211015462875394,0.114381365478039,0.128631442785263,1.70216107368469,122.0,4.419,0.885,1.025,0.5529999999999999,0.312,0.092,0.107,137.0,4.166,0.9129999999999999,1.0390000000000001,0.644,0.24100000000000002,0.076,0.067
135,Yemen,Middle East and Northern Africa,18.12899993515015,1.220873722109795,136.0,4.077,0.5464899999999999,0.68093,0.40064,0.35570999999999997,0.07854,0.09131,1.92313,147.0,3.7239999999999998,0.57939,0.47493,0.31048000000000003,0.2287,0.05892000000000001,0.09821,1.97295,146.0,3.59299993515015,0.5916834473609921,0.93538224697113,0.310080915689468,0.24946372210979503,0.0567674227058887,0.104125209152699,1.3456006050109899,152.0,3.355,0.442,1.073,0.34299999999999997,0.244,0.083,0.064,151.0,3.38,0.287,1.163,0.46299999999999997,0.14300000000000002,0.10800000000000001,0.077
136,Angola,Sub-Saharan Africa,15.489000076293951,0.10973000000000002,137.0,4.033,0.75778,0.8604,0.16683,0.10384000000000002,0.07122,0.12344000000000001,1.9493900000000002,141.0,3.866,0.84731,0.66366,0.04991,0.00589,0.08434,0.12070999999999998,2.09459,140.0,3.79500007629395,0.8584281802177429,1.1044119596481299,0.0498686656355858,0.0,0.0697203353047371,0.09792649000883098,1.6144824028015101,142.0,3.795,0.73,1.125,0.26899999999999996,0.0,0.079,0.061,0.0,0.0,0.0,0.0,0.0,0.0,0.0,0.0
137,Mali,Sub-Saharan Africa,21.09500005722046,1.664623743305206,138.0,3.995,0.26074,1.03526,0.20583,0.38856999999999997,0.12352,0.18798,1.79293,135.0,4.073,0.31292,0.8633299999999999,0.16347,0.27544,0.13647,0.21064000000000002,2.1108700000000002,127.0,4.19000005722046,0.476180493831635,1.2814733982086202,0.16936567425727803,0.306613743305206,0.10497024655342098,0.183354198932648,1.66819095611572,118.0,4.447,0.37,1.2329999999999999,0.152,0.36700000000000005,0.139,0.055999999999999994,128.0,4.39,0.385,1.105,0.308,0.327,0.153,0.052000000000000005
138,Congo (Brazzaville),Sub-Saharan Africa,21.886999889373783,2.115065870800018,139.0,3.989,0.67866,0.6629,0.31051,0.41466000000000003,0.11685999999999999,0.12387999999999999,1.68135,127.0,4.236000000000001,0.7710899999999999,0.47798999999999997,0.28212,0.37938,0.09752999999999999,0.12077,2.10681,124.0,4.29099988937378,0.8089642524719242,0.8320443630218509,0.28995743393898,0.4350258708000179,0.0796181336045265,0.12085212767124198,1.7241356372833299,114.0,4.559,0.682,0.8109999999999999,0.34299999999999997,0.514,0.091,0.077,103.0,4.812,0.6729999999999999,0.799,0.508,0.37200000000000005,0.105,0.09300000000000001
139,Comoros,Sub-Saharan Africa,11.885000000000002,0.52529,140.0,3.9560000000000004,0.23906,0.79273,0.36315,0.22916999999999998,0.19899999999999998,0.17440999999999998,1.95812,138.0,3.9560000000000004,0.27509,0.60323,0.29980999999999997,0.15412,0.18437,0.1827,2.25632,0.0,0.0,0.0,0.0,0.0,0.0,0.0,0.0,0.0,0.0,0.0,0.0,0.0,0.0,0.0,0.0,0.0,142.0,3.9730000000000003,0.27399999999999997,0.757,0.505,0.142,0.275,0.078
140,Uganda,Sub-Saharan Africa,20.10099985122681,2.1429859552860258,141.0,3.931,0.21101999999999999,1.13299,0.33860999999999997,0.45726999999999995,0.07267,0.29066,1.42766,145.0,3.739,0.34719,0.90981,0.19625,0.43653000000000003,0.06442,0.27102,1.51416,133.0,4.08099985122681,0.381430715322495,1.12982773780823,0.21763260662555703,0.443185955286026,0.057069718837738,0.32576605677604703,1.526362657547,135.0,4.1610000000000005,0.322,1.09,0.237,0.45,0.259,0.061,136.0,4.189,0.332,1.069,0.44299999999999995,0.35600000000000004,0.252,0.06
141,Senegal,Sub-Saharan Africa,21.96999984741211,1.7542022667217252,142.0,3.904,0.36498,0.97619,0.4354,0.36772,0.10712999999999999,0.20843000000000003,1.44395,128.0,4.218999999999999,0.44314,0.7741600000000001,0.40457,0.31056,0.11681,0.19103,1.9786099999999998,115.0,4.53499984741211,0.479309022426605,1.17969191074371,0.409362852573395,0.37792226672172496,0.11546044796705199,0.183468893170357,1.78964614868164,109.0,4.631,0.429,1.117,0.433,0.406,0.138,0.08199999999999999,111.0,4.681,0.45,1.1340000000000001,0.5710000000000001,0.292,0.153,0.07200000000000001
142,Gabon,Sub-Saharan Africa,22.03900015258789,1.563448577041626,143.0,3.8960000000000004,1.06024,0.90528,0.43372,0.31914000000000003,0.11091,0.06822,0.99895,134.0,4.121,1.15851,0.72368,0.3494,0.28098,0.09314,0.062439999999999996,1.4533200000000002,118.0,4.46500015258789,1.1982102394104,1.1556202173233001,0.35657858848571794,0.31232857704162603,0.0760467872023582,0.0437853783369064,1.3229162693023702,103.0,4.758,1.036,1.1640000000000001,0.40399999999999997,0.35600000000000004,0.032,0.052000000000000005,104.0,4.7989999999999995,1.057,1.183,0.5710000000000001,0.295,0.043,0.055
143,Niger,Sub-Saharan Africa,20.522999877929692,1.92898869641304,144.0,3.845,0.0694,0.77265,0.29707,0.47691999999999996,0.15639,0.19387000000000001,1.87877,142.0,3.8560000000000003,0.1327,0.6053,0.26161999999999996,0.38040999999999997,0.17176,0.2097,2.09469,135.0,4.02799987792969,0.16192533075809498,0.993025004863739,0.26850500702858,0.36365869641304,0.13857294619083402,0.22867384552955602,1.87398338317871,134.0,4.166,0.131,0.867,0.221,0.39,0.175,0.099,114.0,4.628,0.138,0.774,0.366,0.318,0.188,0.102
144,Cambodia,Asia,21.02700022125244,3.189355823497772,145.0,3.819,0.46038,0.62736,0.61114,0.66246,0.07247,0.40359,0.98195,140.0,3.907,0.55604,0.5375,0.42494,0.5885199999999999,0.08092,0.40339,1.3157299999999998,129.0,4.1680002212524405,0.6017650961875921,1.00623834133148,0.429783403873444,0.633375823497772,0.0681059509515762,0.385922968387604,1.04294109344482,120.0,4.433,0.5489999999999999,1.088,0.457,0.696,0.256,0.065,109.0,4.7,0.574,1.122,0.637,0.609,0.23199999999999998,0.062
145,Tanzania,Sub-Saharan Africa,17.32999997711182,1.934397777681351,146.0,3.781,0.2852,1.00268,0.38215,0.32878,0.05747000000000001,0.34376999999999996,1.38079,149.0,3.6660000000000004,0.47155,0.77623,0.35700000000000004,0.3176,0.05099,0.31472,1.3776899999999999,153.0,3.34899997711182,0.511135876178741,1.04198980331421,0.364509284496307,0.390017777681351,0.0660351067781448,0.354256361722946,0.621130466461182,153.0,3.303,0.455,0.991,0.381,0.48100000000000004,0.27,0.09699999999999999,153.0,3.2310000000000003,0.47600000000000003,0.885,0.499,0.41700000000000004,0.276,0.147
146,Madagascar,Sub-Saharan Africa,18.72700005340576,0.886876765422821,147.0,3.681,0.20824,0.66801,0.46721,0.19184,0.08123999999999999,0.21333000000000002,1.851,148.0,3.695,0.27954,0.46115,0.37109000000000003,0.13684000000000002,0.07506,0.2204,2.15075,144.0,3.64400005340576,0.305808693170547,0.9130203723907471,0.375223308801651,0.18919676542282102,0.0672319754958153,0.208732530474663,1.58461260795593,143.0,3.7739999999999996,0.262,0.9079999999999999,0.402,0.221,0.155,0.049,143.0,3.9330000000000003,0.27399999999999997,0.9159999999999999,0.555,0.14800000000000002,0.16899999999999998,0.040999999999999995
147,Central African Republic,Sub-Saharan Africa,12.53700007820129,1.289632045545578,148.0,3.678,0.0785,0.0,0.06699,0.48878999999999995,0.08288999999999999,0.23835,2.7223,0.0,0.0,0.0,0.0,0.0,0.0,0.0,0.0,0.0,155.0,2.69300007820129,0.0,0.0,0.0187726859003305,0.270842045545578,0.0565650761127472,0.280876487493515,2.06600475311279,155.0,3.083,0.024,0.0,0.01,0.305,0.218,0.038,155.0,3.083,0.026000000000000002,0.0,0.105,0.225,0.235,0.035
148,Chad,Sub-Saharan Africa,20.017000108718868,0.88842202682972,149.0,3.667,0.34193,0.76062,0.1501,0.23501,0.05269,0.18386,1.9429599999999998,144.0,3.763,0.42213999999999996,0.63178,0.038239999999999996,0.12807000000000002,0.04952,0.18667,2.3063700000000003,137.0,3.9360001087188703,0.43801298737525896,0.953855872154236,0.0411347150802612,0.16234202682972002,0.0535818822681904,0.21611385047435802,2.07123804092407,131.0,4.301,0.358,0.907,0.053,0.18899999999999997,0.18100000000000002,0.06,132.0,4.35,0.35,0.7659999999999999,0.192,0.174,0.198,0.078
149,Guinea,Sub-Saharan Africa,19.26799996948242,1.7613675129699708,150.0,3.656,0.17417,0.46475,0.24009,0.37725,0.12139000000000001,0.28657,1.9917200000000002,151.0,3.6069999999999998,0.22415,0.3109,0.18829,0.30953,0.1192,0.29914,2.15604,149.0,3.50699996948242,0.24454993009567302,0.7912446856498722,0.194129139184952,0.348587512969971,0.110937617719173,0.264815092086792,1.55231189727783,140.0,3.964,0.344,0.792,0.21100000000000002,0.39399999999999996,0.185,0.094,118.0,4.534,0.38,0.8290000000000001,0.375,0.332,0.207,0.086
150,Ivory Coast,Sub-Saharan Africa,21.36599982833862,2.141996192731857,151.0,3.655,0.46534,0.77115,0.15185,0.46866,0.17922000000000002,0.20165,1.41723,139.0,3.9160000000000004,0.55507,0.57576,0.04476,0.40663,0.1553,0.20338,1.97478,128.0,4.17999982833862,0.6030489206314089,0.904780030250549,0.0486421696841717,0.4477061927318571,0.130061775445938,0.201237469911575,1.84496426582336,107.0,4.671,0.541,0.872,0.08,0.467,0.146,0.10300000000000001,99.0,4.944,0.569,0.8079999999999999,0.23199999999999998,0.35200000000000004,0.154,0.09
151,Burkina Faso,Sub-Saharan Africa,20.36900006484985,1.6199978510189061,152.0,3.5869999999999997,0.25811999999999996,0.85188,0.27125,0.39493,0.12832000000000002,0.21746999999999997,1.46494,145.0,3.739,0.31995,0.63054,0.21297,0.3337,0.12533,0.24353000000000002,1.8731900000000001,134.0,4.03200006484985,0.35022771358490007,1.04328000545502,0.21584425866603896,0.32436785101890603,0.12032810598611803,0.250864684581757,1.72721290588379,121.0,4.4239999999999995,0.314,1.097,0.254,0.312,0.175,0.128,115.0,4.587,0.331,1.056,0.38,0.255,0.177,0.113
152,Afghanistan,Asia,17.56399991035461,0.589619520487785,153.0,3.575,0.31982,0.30285,0.30335,0.23414000000000001,0.09719,0.3651,1.9521,154.0,3.36,0.38227,0.11037000000000001,0.17344,0.1643,0.07112,0.31268,2.14558,141.0,3.7939999103546103,0.401477217674255,0.581543326377869,0.18074677884578697,0.106179520487785,0.0611578300595284,0.311870932579041,2.15080118179321,145.0,3.6319999999999997,0.332,0.537,0.255,0.085,0.191,0.036000000000000004,154.0,3.2030000000000003,0.35,0.517,0.361,0.0,0.158,0.025
153,Rwanda,Sub-Saharan Africa,17.19299995613098,2.9080538529968263,154.0,3.465,0.22208000000000003,0.7737,0.42863999999999997,0.59201,0.55191,0.22628,0.67042,152.0,3.515,0.32846,0.6158600000000001,0.31865,0.5432,0.50521,0.23551999999999998,0.96819,151.0,3.47099995613098,0.368745893239975,0.945707023143768,0.326424807310104,0.5818438529968261,0.455220013856888,0.25275602936744695,0.540061235427856,151.0,3.408,0.332,0.8959999999999999,0.4,0.636,0.2,0.444,152.0,3.3339999999999996,0.359,0.711,0.614,0.555,0.217,0.41100000000000003
154,Benin,Sub-Saharan Africa,19.50500006484985,2.096932775945663,155.0,3.34,0.28665,0.35386,0.3191,0.4845,0.0801,0.1826,1.6332799999999998,153.0,3.484,0.39499,0.10419,0.21028000000000002,0.39747,0.06681000000000001,0.2018,2.10812,143.0,3.65700006484985,0.43108540773391707,0.43529984354972795,0.20993021130561804,0.42596277594566295,0.0609290152788162,0.207948461174965,1.88563096523285,136.0,4.141,0.37799999999999995,0.37200000000000005,0.24,0.44,0.163,0.067,102.0,4.883,0.39299999999999996,0.43700000000000006,0.397,0.349,0.175,0.08199999999999999
155,Syria,Middle East and Northern Africa,16.46099989318848,0.40849944462537774,156.0,3.0060000000000002,0.6632,0.47489,0.7219300000000001,0.15684,0.18905999999999998,0.47179,0.32858000000000004,156.0,3.069,0.7471899999999999,0.14866,0.6299399999999999,0.06912,0.17232999999999998,0.48396999999999996,0.81789,152.0,3.46199989318848,0.777153134346008,0.396102607250214,0.5005333423614501,0.0815394446253777,0.15134713053703303,0.49366372823715204,1.06157350540161,150.0,3.4619999999999997,0.6890000000000001,0.382,0.539,0.08800000000000001,0.376,0.14400000000000002,149.0,3.4619999999999997,0.619,0.37799999999999995,0.44,0.013000000000000001,0.331,0.141
156,Burundi,Sub-Saharan Africa,15.394999971389769,0.5066007532000542,157.0,2.905,0.0153,0.41586999999999996,0.22396,0.1185,0.10062,0.19727,1.83302,157.0,2.905,0.06831,0.23442,0.15747,0.0432,0.09419,0.2029,2.1040400000000004,154.0,2.90499997138977,0.09162256866693501,0.629793584346771,0.151610791683197,0.0599007532000542,0.0841479450464249,0.20443518459796897,1.68302416801453,156.0,2.905,0.091,0.627,0.145,0.065,0.149,0.076,145.0,3.775,0.046,0.447,0.38,0.22,0.17600000000000002,0.18
157,Togo,Sub-Saharan Africa,17.72099988555908,1.81873613863945,158.0,2.839,0.20868,0.13995,0.28443,0.36453,0.10730999999999999,0.16680999999999999,1.56726,155.0,3.303,0.28123000000000004,0.0,0.24811,0.34678000000000003,0.11587,0.17517,2.1354,150.0,3.4949998855590803,0.30544471740722695,0.4318825304508211,0.247105568647385,0.38042613863945,0.0956650152802467,0.19689615070819896,1.8372292518615703,139.0,3.9989999999999997,0.259,0.474,0.253,0.434,0.158,0.10099999999999999,139.0,4.085,0.275,0.5720000000000001,0.41,0.293,0.177,0.085
158,Puerto Rico,South America,7.039,0.46823000000000004,0.0,0.0,0.0,0.0,0.0,0.0,0.0,0.0,0.0,15.0,7.039,1.35943,1.08113,0.77758,0.46823000000000004,0.12275,0.22202,3.0076,0.0,0.0,0.0,0.0,0.0,0.0,0.0,0.0,0.0,0.0,0.0,0.0,0.0,0.0,0.0,0.0,0.0,0.0,0.0,0.0,0.0,0.0,0.0,0.0,0.0
159,Belize,South America,17.86799985122681,1.6528193722343438,0.0,0.0,0.0,0.0,0.0,0.0,0.0,0.0,0.0,52.0,5.956,0.87616,0.68655,0.45569,0.51231,0.10770999999999999,0.23684000000000002,3.08039,50.0,5.955999851226809,0.907975316047668,1.0814177989959701,0.45019176602363603,0.5475093722343439,0.0965810716152191,0.24001564085483604,2.63195562362671,49.0,5.956,0.807,1.101,0.474,0.593,0.183,0.08900000000000001,0.0,0.0,0.0,0.0,0.0,0.0,0.0,0.0
160,Somalia,Sub-Saharan Africa,20.24100002288818,2.4029069559860226,0.0,0.0,0.0,0.0,0.0,0.0,0.0,0.0,0.0,76.0,5.44,0.0,0.33613000000000004,0.11465999999999998,0.5677800000000001,0.3118,0.27225,3.8377199999999996,93.0,5.151000022888179,0.0226431842893362,0.7211513519287109,0.11398913711309401,0.602126955986023,0.28241032361984303,0.291631311178207,3.11748456954956,98.0,4.982,0.0,0.7120000000000001,0.115,0.674,0.23800000000000002,0.282,112.0,4.668,0.0,0.698,0.268,0.5589999999999999,0.243,0.27
161,Somaliland Region,Sub-Saharan Africa,5.0569999999999995,0.3913,0.0,0.0,0.0,0.0,0.0,0.0,0.0,0.0,0.0,97.0,5.0569999999999995,0.25558000000000003,0.75862,0.33108000000000004,0.3913,0.36794,0.51479,2.43801,0.0,0.0,0.0,0.0,0.0,0.0,0.0,0.0,0.0,0.0,0.0,0.0,0.0,0.0,0.0,0.0,0.0,0.0,0.0,0.0,0.0,0.0,0.0,0.0,0.0
162,Namibia,Sub-Saharan Africa,18.227999881744378,1.9264435473823551,0.0,0.0,0.0,0.0,0.0,0.0,0.0,0.0,0.0,113.0,4.574,0.9328700000000001,0.70362,0.34745,0.48613999999999996,0.10397999999999999,0.07795,1.92198,111.0,4.57399988174438,0.964434325695038,1.0984708070755,0.33861181139946,0.520303547382355,0.0931469723582268,0.0771337449550629,1.4818902015686002,119.0,4.441,0.8740000000000001,1.281,0.365,0.519,0.051,0.064,113.0,4.638999999999999,0.879,1.3130000000000002,0.47700000000000004,0.401,0.07,0.055999999999999994
163,South Sudan,Sub-Saharan Africa,13.530000080108639,0.465682435746193,0.0,0.0,0.0,0.0,0.0,0.0,0.0,0.0,0.0,143.0,3.832,0.39394,0.18519000000000002,0.15780999999999998,0.19662000000000002,0.13015,0.25899,2.50929,147.0,3.5910000801086404,0.39724862575531,0.601323127746582,0.163486003875732,0.147062435746193,0.116793513298035,0.285670816898346,1.8795673847198502,154.0,3.2539999999999996,0.337,0.608,0.177,0.11199999999999999,0.22399999999999998,0.106,156.0,2.853,0.306,0.575,0.295,0.01,0.20199999999999999,0.091
164,Taiwan Province of China,Asia,6.42199993133545,0.361466586589813,0.0,0.0,0.0,0.0,0.0,0.0,0.0,0.0,0.0,0.0,0.0,0.0,0.0,0.0,0.0,0.0,0.0,0.0,33.0,6.42199993133545,1.4336265325546298,1.38456535339355,0.793984234333038,0.361466586589813,0.0638292357325554,0.258360475301743,2.1266074180603,0.0,0.0,0.0,0.0,0.0,0.0,0.0,0.0,0.0,0.0,0.0,0.0,0.0,0.0,0.0,0.0
165,"Hong Kong S.A.R., China",Asia,5.47200012207031,0.490968644618988,0.0,0.0,0.0,0.0,0.0,0.0,0.0,0.0,0.0,0.0,0.0,0.0,0.0,0.0,0.0,0.0,0.0,0.0,71.0,5.47200012207031,1.55167484283447,1.26279091835022,0.943062424659729,0.490968644618988,0.29393374919891396,0.374465793371201,0.554633140563965,0.0,0.0,0.0,0.0,0.0,0.0,0.0,0.0,0.0,0.0,0.0,0.0,0.0,0.0,0.0,0.0
166,Trinidad & Tobago,South America,12.384,1.064,0.0,0.0,0.0,0.0,0.0,0.0,0.0,0.0,0.0,0.0,0.0,0.0,0.0,0.0,0.0,0.0,0.0,0.0,0.0,0.0,0.0,0.0,0.0,0.0,0.0,0.0,0.0,38.0,6.192,1.2229999999999999,1.492,0.564,0.575,0.171,0.019,39.0,6.192,1.2309999999999999,1.4769999999999999,0.713,0.489,0.185,0.016
167,Northern Cyprus,Europe,11.553,0.912,0.0,0.0,0.0,0.0,0.0,0.0,0.0,0.0,0.0,0.0,0.0,0.0,0.0,0.0,0.0,0.0,0.0,0.0,0.0,0.0,0.0,0.0,0.0,0.0,0.0,0.0,0.0,58.0,5.835,1.229,1.2109999999999999,0.909,0.495,0.179,0.154,64.0,5.718,1.263,1.252,1.042,0.41700000000000004,0.191,0.162
168,North Macedonia,Europe,5.274,0.345,0.0,0.0,0.0,0.0,0.0,0.0,0.0,0.0,0.0,0.0,0.0,0.0,0.0,0.0,0.0,0.0,0.0,0.0,0.0,0.0,0.0,0.0,0.0,0.0,0.0,0.0,0.0,0.0,0.0,0.0,0.0,0.0,0.0,0.0,0.0,84.0,5.274,0.983,1.294,0.838,0.345,0.185,0.034
169,Gambia,Sub-Saharan Africa,4.516,0.382,0.0,0.0,0.0,0.0,0.0,0.0,0.0,0.0,0.0,0.0,0.0,0.0,0.0,0.0,0.0,0.0,0.0,0.0,0.0,0.0,0.0,0.0,0.0,0.0,0.0,0.0,0.0,0.0,0.0,0.0,0.0,0.0,0.0,0.0,0.0,120.0,4.516,0.308,0.9390000000000001,0.428,0.382,0.26899999999999996,0.16699999999999998
